IDDEMUNICIPIO,DESCRIPCION
270010001,Balancán
270010001,Agricultores del Norte 1ra. Sección
270010001,El Águila
270010001,Apatzingán
270010001,El Arenal
270010001,Arroyo el Triunfo 1ra. Sección
270010001,Bajo Netzahualcoyotl
270010001,El Barí
270010001,Buenavista Veintitrés
270010001,Capitán Felipe Castellanos Díaz (San Pedro)
270010001,El Capulín
270010001,Carlos A. Madrazo Becerra
270010001,Los Cenotes
270010001,Centro Usumacinta
270010001,Quetzalcóatl (Cuatro Poblados)
270010001,La Cuchilla
270010001,Cuyos de Caoba
270010001,Chancabal
270010001,Tarimas (Emiliano Zapata)
270010001,Guajimalpa 1ra. Sección
270010001,La Hulería
270010001,Isla Missicab
270010001,Jolochero
270010001,Josefa Ortíz de Domínguez
270010001,Ojo de Agua
270010001,Leona Vicario
270010001,Leona Vicario
270010001,Macayal
270010001,Mactún
270010001,Las Mercedes
270010001,Missicab
270010001,Multé
270010001,El Naranjito
270010001,Netzahualcóyotl (Santa Ana)
270010001,Nicolás Bravo (San Nicolás)
270010001,El Pato
270010001,Pejelagarto 1ra. Sección
270010001,Paraíso (El Tinto)
270010001,El Pípila
270010001,Missicab (La Pita)
270010001,Adolfo López Mateos
270010001,El Ramonal
270010001,La Revancha
270010001,San Elpidio (Banco de Grava)
270010001,San José del Río
270010001,San Juan
270010001,Miguel Hidalgo Sacaolas
270010001,Santa Cruz
270010001,Santa Rosa
270010001,El Cibalito
270010001,Soledad
270010001,Suniná
270010001,Las Tablas
270010001,Tierra Blanca
270010001,El Triunfo
270010001,Uquina y la Loma
270010001,Vicente Guerrero
270010001,Jahuactal
270010001,Constitución
270010001,El Mical
270010001,El Pozo (El Pocito)
270010001,Francisco I. Madero 1ra. Sección
270010001,Otatal
270010001,Zacatecas
270010001,San Joaquín 1ra. Sección
270010001,Santa Cruz
270010001,Laguna Colorada
270010001,Las Tarimas
270010001,General Luis Felipe Domínguez Suárez
270010001,Pajonal
270010001,El Pichi
270010001,El Faustino
270010001,La Esperanza
270010001,Licenciado Gustavo Díaz Ordaz
270010001,El Luinar
270010001,Acatempan
270010001,Acatempan
270010001,El Achotal
270010001,Presidente Adolfo López Mateos
270010001,Agua Bendita
270010001,El Dorado
270010001,El Nopalito
270010001,Altamira
270010001,Arroyo el Triunfo 2da. Sección
270010001,El Bajío
270010001,El Belén
270010001,El Bilín
270010001,Buena Vista
270010001,Buenavista
270010001,Buenavista
270010001,Las Campanas
270010001,El Caoba
270010001,El Deseo
270010001,El Carmen
270010001,Catec
270010001,El Clavo
270010001,Los Colorines
270010001,El Cristo
270010001,Nuevo Xochimilco
270010001,Cuatro Caminos
270010001,La Cueva
270010001,Las Cumbres
270010001,El Cupimo
270010001,El Manantial
270010001,Chacabita
270010001,El Chamizal
270010001,El Chinal
270010001,Las Delicias
270010001,El Desengaño
270010001,El Diamante
270010001,El Progreso
270010001,Dos Hermanos
270010001,La Escondida
270010001,El Paraíso
270010001,El Garrafón
270010001,La Gloria
270010001,La Gloria
270010001,Los Gómez
270010001,Santa Elena
270010001,La Herradura
270010001,Nueva Esperanza
270010001,La Huasteca
270010001,Jalisco
270010001,El Jobal
270010001,El Limón
270010001,Vicente Lombardo Toledano
270010001,Lontanasa
270010001,Santa Cruz
270010001,La Lucha
270010001,Corpus Christi
270010001,El Llano
270010001,Mata de la Hoja
270010001,Miguel Hidalgo y Costilla
270010001,Las Minitas
270010001,Monte Líbano
270010001,El Nido
270010001,San Jorge
270010001,La Nueva Lucha
270010001,Nueva Orma
270010001,Campo Alto
270010001,Nuevo Paraíso
270010001,Ojo de Agua
270010001,Las Palmas
270010001,Paraíso
270010001,El Paraíso
270010001,Los Parra
270010001,La Gironda
270010001,Pejelagarto 2da. Sección
270010001,El Pimiental
270010001,San José
270010001,El Porvenir
270010001,El Porvenir
270010001,La Poza (La Hulería)
270010001,El Pocito
270010001,Copropiedad Santa Rosenda (Chupacabras)
270010001,Reforma (Provincia)
270010001,Los Robles
270010001,Mi Ranchito
270010001,El Rosarito
270010001,María de Jesús
270010001,El Sacrificio
270010001,La Providencia (Parada San Antonio)
270010001,La Purísima
270010001,San Antonio
270010001,Caobal
270010001,La Victoria
270010001,San Francisco
270010001,El Cedro
270010001,San Jorge
270010001,San José de Palmiras
270010001,San Juanito
270010001,San Lazarito
270010001,San Luis
270010001,San Manuel
270010001,La Gloria
270010001,El Vergel (Los Trescientos)
270010001,Santa Ana
270010001,Santa Celia
270010001,San Fernando
270010001,El Chimón
270010001,Santa Isabel
270010001,Santa Lucía
270010001,Santa Rosa
270010001,Santa Teresa
270010001,Santo Domingo
270010001,La Silvita
270010001,Los Naranjos (Sofocante)
270010001,Sonora
270010001,El Tintal Grande
270010001,Los Tres Hermanos
270010001,Vicente Guerrero Sección Cuba
270010001,La Victoria
270010001,El Zapotal
270010001,El Pitayo
270010001,San Felipe
270010001,Epimenio Espinoza
270010001,No Te Metas
270010001,Anexo Balancán
270010001,Frente Único
270010001,Cancún
270010001,El Faisán
270010001,Isla Conja
270010001,Mi Gran Aventura
270010001,San Gregorio
270010001,Santa Martha
270010001,Plan de Guadalupe
270010001,El Pajaral
270010001,El Cedro
270010001,La Mina
270010001,El Dollar
270010001,San Andrés
270010001,Guajimalpa 2da. Sección
270010001,José Narciso Rovirosa
270010001,El Tacistal
270010001,El Suspiro
270010001,La Lucha
270010001,La Papaya (Manuel Rosado)
270010001,Tequisquiapan
270010001,San Marcos
270010001,San Judas Tadeo
270010001,Santa Adela
270010001,Plan de Guadalupe Sección Central
270010001,La Gloria
270010001,Potrero del Llano
270010001,El Doble G
270010001,El Palomar
270010001,Palmira
270010001,El Repudio
270010001,Los Venados
270010001,El Naranjito
270010001,Agua Negra
270010001,El Porvenir
270010001,La Florida
270010001,Santa Rosa
270010001,El Paraíso
270010001,San Felipe
270010001,El Caporal
270010001,Piedra Santa
270010001,San Francisco
270010001,El Rosario
270010001,Santa Isabel
270010001,Salvador
270010001,Cuatro Hermanos
270010001,Mag
270010001,Chalcamaloya
270010001,Francisco Villa
270010001,El Tamarindo
270010001,La Torre
270010001,La Veleta
270010001,El Colmenar
270010001,El Cortador
270010001,Chajol
270010001,El Limoncito
270010001,El Chaparral
270010001,El Tiradero (El Ramón)
270010001,Texas (Vidamar)
270010001,San Cosme
270010001,La Providencia
270010001,San Martín
270010001,San Miguel
270010001,Santa Catalina
270010001,Cibal de la Gloria
270010001,Asunción
270010001,Último Esfuerzo
270010001,Zaragoza
270010001,Santa María
270010001,Santa Cruz
270010001,Las Maravillas (Bonanza)
270010001,El Pucté
270010001,El Carmen
270010001,Santa Clara
270010001,El Consuelo
270010001,Isla la Botica
270010001,Cementerio de los Mayas (El Caballero)
270010001,Isla el Chipre
270010001,San Antonio
270010001,Acalán
270010001,El Descanso
270010001,Cascadas de Reforma
270010001,Palomas
270010001,El Mango
270010001,San Nicolás
270010001,Buena Vista
270010001,El Herradero
270010001,San Lázaro
270010001,La Nueva Lucha
270010001,San Pedro
270010001,Ingeniero Mario Calcáneo Sánchez
270010001,Licenciado Gustavo Díaz Ordaz 2da. Sección
270010001,San Miguel
270010001,Las Cabañas
270010001,Santa Elena
270010001,El Recuerdo
270010001,Catalina (Altamira)
270010001,La Providencia
270010001,San Juan (Guerrero)
270010001,Los Mangos
270010001,La Poza de la Tortuga
270010001,El Foco
270010001,Isla Santa Ana
270010001,San Lazarito
270010001,Santo Domingo
270010001,El Silencio
270010001,La Lupita
270010001,Molino de Arroz
270010001,El Sacrificio
270010001,La Sultana Dos (Caba Hermanos)
270010001,Los Triángulos
270010001,Santa María Luisa
270010001,San Carlos
270010001,Canta Rana
270010001,La Guadalupe
270010001,Santa Rosalía
270010001,La Camaronera
270010001,Santa Rosa
270010001,El Achotal
270010001,El Aguacate
270010001,3 Potrillos
270010001,Rancho Alegre
270010001,Pangolar
270010001,Los Pinos
270010001,El Cambio
270010001,El Triunfo
270010001,San José
270010001,San Francisco
270010001,La Pava
270010001,Santa Fe
270010001,Emiliano Zapata Salazar
270010001,Cuauhtémoc
270010001,El Destino
270010001,Ingeniero Emilio López Zamora
270010001,El Mical
270010001,Aguacatal Dos
270010001,El Sacrificio
270010001,Graciela Pintado de Madrazo
270010001,La Santa Cruz
270010001,La Cruz de Belén
270010001,Los Tres Reyes
270010001,El Faisán
270010001,La Gloria
270010001,Los Hermanos Hernández
270010001,Santa Martha
270010001,San Manuel
270010001,San Miguel
270010001,La Trinidad
270010001,La Envidia
270010001,La Esperanza
270010001,San Joaquín
270010001,San Manuel
270010001,La Lupita
270010001,La Guadalupe
270010001,El Roblar
270010001,Santa Josefa
270010001,Santa Lucía
270010001,San Francisco
270010001,El Marino
270010001,Nueva Esperanza
270010001,El Paraíso
270010001,La Pista
270010001,Rafael Palmer Cámara
270010001,Campo Alto (El Tamarindo)
270010001,La Unión
270010001,El Ajusco (Plan de Guadalupe)
270010001,El Cocotero
270010001,Dos Estrellas
270010001,Plan de Guadalupe Sección 10
270010001,Las Maravillas
270010001,El Recreo
270010001,El Retacito
270010001,El Rinconcito
270010001,El Sacrificio
270010001,San Juanito
270010001,Santa Martha
270010001,El Toro
270010001,Dos Arbolitos
270010001,Fátima
270010001,El Paraíso
270010001,Plan de Guadalupe Sección Kilómetro 21
270010001,San José
270010001,La Victoria
270010001,Agricultores del Norte 2da. Sección
270010001,Veinticuatro de Junio
270010001,El Arrozal
270010001,Balancán
270010001,Oklahoma
270010001,Santa Marlene
270010001,El Yomel
270010001,La Aurora
270010001,Carlos Enrique Ocampo
270010001,Las Coronelas
270010001,El Jobo
270010001,Vista Alegre
270010001,La Gloria
270010001,Pan Duro
270010001,Francisco I. Madero 2da. Sección
270010001,Canutillo (Santa Cruz)
270010001,San Miguel
270010001,Cuatro Hermanos González Piña
270010001,Isla de la Doctora
270010001,Isla Francita
270010001,San Antonio
270010001,El Chorro (El Capulín)
270010001,Altamira
270010001,Caudillos del Sur
270010001,Dos de Noviembre
270010001,La Gloria
270010001,La Lucha
270010001,Pucteal
270010001,Estapilla Tercera Ampliación
270010001,El Sacrificio
270010001,San Marcos
270010001,La Victoria
270010001,Esperanza
270010001,Isla del Carmen
270010001,La Unión
270010001,Miguel Hidalgo 2da. Sección
270010001,San Isidro
270010001,Lázaro Cárdenas
270010001,La Asunción
270010001,La Concepción
270010001,La Cuchilla
270010001,La Escoba
270010001,La Herradura
270010001,El Hormiguero
270010001,El Laberinto
270010001,Las Maravillas
270010001,Alianza Campesina
270010001,Polevar
270010001,El Sahuayo
270010001,San Alberto
270010001,San Antonio
270010001,San Carlos
270010001,San Francisco
270010001,San José
270010001,San José Domingo
270010001,San Miguel
270010001,San Miguel
270010001,Santa Cruz del Santuario
270010001,Santa Rita
270010001,Tierra y Libertad
270010001,Tres de Mayo
270010001,El Triángulo
270010001,El Tuzo
270010001,Vista Hermosa
270010001,La Palma
270010001,San Joaquín 2da. Sección
270010001,San José 2da. Sección
270010001,La Arenita
270010001,Oklahoma I
270010001,Isla Sebastopol
270010001,El Sacrificio
270010001,El Silencio
270010001,Pantoja
270010001,Jerusalém - Belén
270010001,La Providencia
270010001,Poza de la Tortuga 1ra. Sección
270010001,El Nuevo Barí
270020001,Cárdenas
270020001,El Alacrán
270020001,Poblado C-11 José María Morelos y Pavón
270020001,Poblado C-15 Adolfo López Mateos
270020001,Poblado C-21 Licenciado Benito Juárez García
270020001,Arroyo Hondo Abejonal
270020001,Arroyo Hondo 1ra. Sección (Santa Teresa A)
270020001,Azucena 1ra. Sección
270020001,Azucena 2da. Sección
270020001,Azucena 3ra. Sección (El Triunfo)
270020001,El Bajío 2da. Sección
270020001,El Bajío 1ra. Sección
270020001,El Barí 2da. Sección
270020001,El Bronce
270020001,Buenavista 1ra. Sección
270020001,Calzada 1ra. Sección Norte A
270020001,Calzada 2da. Sección
270020001,Coronel Andrés Sánchez Magallanes
270020001,Campo Nuevo
270020001,Poblado C-28 Coronel Gregorio Méndez Magaña
270020001,Poblado C-16 General Emiliano Zapata
270020001,El Capricho
270020001,Cárdenas
270020001,Cárdenas 2da. Sección
270020001,Benito Juárez (Campo Magallanes)
270020001,Poblado C-09 Licenciado Francisco I. Madero
270020001,Cuauhtemoczín
270020001,Chicozapote 1ra. Sección
270020001,Poblado C-10 General Lázaro Cárdenas del Río
270020001,Encrucijada 3ra. Sección (Las Calzadas)
270020001,Encrucijada 4ta. Sección B (La Lucha)
270020001,Encrucijada 5ta. Sección
270020001,Las Flores (La Palma)
270020001,El Golpe
270020001,El Mingo
270020001,Ignacio Gutiérrez Gómez (San Felipe)
270020001,Habanero 1ra. Sección
270020001,Habanero 2da. Sección (El Castaño)
270020001,Habanero 1ra. Sección (Venustiano Carranza)
270020001,Miguel Hidalgo 1ra. Sección
270020001,El Jobo (Punta Brava)
270020001,Melchor Ocampo
270020001,Miguel Hidalgo 2da. Sección B (La Natividad)
270020001,Naranjeño 1ra. Sección (Colonia la Fe)
270020001,Naranjeño 2da. Sección A
270020001,Naranjeño 3ra. Sección
270020001,Nueva Esperanza
270020001,Nueva Zelandia (El Ingenio)
270020001,Ojoshal
270020001,Paylebot
270020001,Poblado C-23 General Venustiano Carranza
270020001,Paso y Playa
270020001,Santuario 3ra. Sección (Piedras Negras)
270020001,El Porvenir
270020001,Poza Redonda 1ra. Sección
270020001,Poza Redonda 2da. Sección
270020001,Chicozapote 2da. Sección (El Retiro)
270020001,Río Seco 2da. Sección A
270020001,Río Seco 2da. Sección B
270020001,Río Seco 2da. Sección C
270020001,Poblado C-27 Ingeniero Eduardo Chávez Ramírez
270020001,Francisco Trujillo Gurría
270020001,Santana 1ra. Sección A
270020001,Santana 1ra. Sección B
270020001,Santana 2da. Sección A
270020001,Santana 2da. Sección B (La Palma)
270020001,Santana 3ra. Sección A (El Filero)
270020001,Santana 4ta. Sección
270020001,Santana 5ta. Sección (El Espino)
270020001,Santa Rosalía (Miguel Hidalgo 2da. Sección)
270020001,Santuario 1ra. Sección
270020001,Santuario 2da. Sección
270020001,Poblado C-33 20 de Noviembre
270020001,El Yucateco (Paylebot 2da. Sección)
270020001,Poblado C-29 General Vicente Guerrero
270020001,Zapotal 1ra. Sección
270020001,Zapotal 2da. Sección
270020001,Islas Encantadas 1ra. Sección (El Zapote)
270020001,Poblado C-14 General Plutarco Elías Calles
270020001,Poblado C-20 Miguel Hidalgo y Costilla
270020001,Ingenio Presidente Benito Juárez
270020001,Las Coloradas 2da. Sección B
270020001,El Alacrán (Manatinero)
270020001,Azucena 5ta. Sección (El Apompal)
270020001,Azucena 4ta. Sección (Torno Alegre)
270020001,El Parnaso
270020001,Zapotal 3ra. Sección
270020001,Buenavista 2da. Sección
270020001,Sinaloa 2da. Sección (Arjona)
270020001,Las Limas
270020001,Poblado C-22 Licenciado José María Pino Suárez
270020001,El Barí 1ra. Sección
270020001,El Carmen
270020001,El Carrizal
270020001,Pedro Sánchez Magallanes
270020001,Encrucijada 4ta. Sección A
270020001,Poblado C-17 Independencia
270020001,Ley Federal de la Reforma Agraria (San Ramón)
270020001,Puerto Escondido
270020001,Santana 3ra. Sección B
270020001,Miguel Hidalgo Zapotal 2da. Sección
270020001,Rubén Jaramillo Lazo
270020001,El Chocho (Boca del Río)
270020001,Santana 2da. Sección C
270020001,La Trinidad
270020001,El Arrozal
270020001,Azucena 6ta. Sección
270020001,Azucena 7ma. Sección (El Lechugal)
270020001,Arroyo Hondo 2da. Sección Santa Teresa B
270020001,Celia González de Rovirosa
270020001,De los Santos
270020001,Paso y Playa
270020001,5 de Mayo
270020001,La Alianza
270020001,Bajío 1ra. Sección A (Periférico Sur)
270020001,La Península
270020001,San Rafael
270020001,Coronel Gregorio Méndez Magaña
270020001,Las Calzadas
270020001,Ignacio Zaragoza
270020001,Santuario 4ta. Sección
270020001,Tío Moncho
270020001,Las Coloradas 2da. Sección (Ampliación las Aldeas)
270020001,Miguel Hidalgo
270020001,La Esperanza
270020001,Benito Juárez (La Playita)
270020001,Sección 10 de Azucareros
270020001,27 de Febrero (Locatarios del Mercado)
270020001,General Francisco Villa
270020001,Luis Donaldo Colosio Murrieta
270020001,Naranjeño 2da. Sección B
270020001,Sinaloa 1ra. Sección
270020001,Ampliación Carrizal
270020001,Ampliación Carrizal (Las Palomas)
270020001,El Suspiro
270020001,Cartagena
270020001,Carlos Alberto Wilson Gómez
270020001,Poblado C-16 General Emiliano Zapata Uno
270020001,Poblado C-16 General Emiliano Zapata Dos
270020001,Cuauhtémoc (W-65)
270020001,Santa Isidra
270020001,Miguel Hidalgo 2da. Sección A (El Edén)
270020001,Los Arévalos
270020001,Las Coloradas 1ra. Sección
270020001,Las Esperanzas
270020001,León Pacheco
270020001,Madrigal Pérez (Las Cuatro R)
270020001,El Pérsico
270020001,Poza Redonda 3ra. Sección
270020001,Rodríguez Polanco (Kilómetro Cinco)
270020001,Rosique Palavicini
270020001,Santuario 5ta. Sección Buena Vista
270020001,Azucenita 1ra. Sección B
270020001,Poblado C-28 Coronel Gregorio Méndez Magaña Uno
270020001,Encrucijada 1ra. Sección Rincón Brujo
270020001,Poblado C-10 General Lázaro Cárdenas del Río Uno
270020001,Juan Escutia
270020001,Julián Montejo Velázquez
270020001,Poblado C-15 Adolfo López Mateos Uno
270020001,Poblado C-22 Licenciado José María Pino Suárez Uno
270020001,Las Nuevas Esperanzas
270020001,Poza Redonda 4ta. Sección (Rincón Brujo)
270020001,Arroyo Hondo (San Rosendo)
270020001,Calzada 1ra. Sección Sur
270020001,El Golpe 2da. Sección (Los Patos)
270020001,Encrucijada 2da. Sección (Los García)
270020001,Sinaloa 3ra. Sección
270020001,Cuauhtemoczín 2da. Sección
270020001,Río Seco 2da. Sección (Norte 10)
270020001,Río Seco 1ra. Sección
270020001,Las Coloradas la Victoria
270020001,El Alacrán (Sector Colonia)
270020001,Congregación Reyes Heroles
270020001,San Pedro
270030001,Frontera
270030001,Álvaro Obregón (Santa Cruz)
270030001,Benito Juárez
270030001,Benito Juárez
270030001,Boca de Chilapa
270030001,Buena Vista
270030001,Carlos A. Madrazo
270030001,Carlos Rovirosa 1ra. Sección
270030001,Carlos Rovirosa 2da. Sección
270030001,La Constancia
270030001,Cuauhtémoc
270030001,Chicozapote 1ra. Sección
270030001,Chichicastle 1ra. Sección
270030001,Chichicastle 2da. Sección
270030001,Chichicastle 3ra. Sección
270030001,Chilapa 2da. Sección
270030001,Chilapa 1ra. Sección (Margen Izquierda)
270030001,Emiliano Zapata
270030001,Escobas (Chilapa Escoba)
270030001,Nueva Esperanza (San Pedrito)
270030001,La Estrella
270030001,Felipe Carrillo Puerto Norte (Carrillito)
270030001,Felipe Carrillo Puerto (Centro)
270030001,Felipe Carrillo Puerto Sur (Carrillón)
270030001,Francisco I. Madero
270030001,Gobernador Cruz
270030001,Los Ídolos (Margen Derecha)
270030001,Ignacio Allende
270030001,Ignacio Zaragoza
270030001,Jalapita
270030001,San José (La Ilusión)
270030001,Libertad de Allende
270030001,Miguel Hidalgo
270030001,Miramar
270030001,Mixteca 1ra. Sección
270030001,José María Morelos y Pavón
270030001,Nuevo Centla
270030001,Potrerillo
270030001,Quintín Aráuz
270030001,Ribera Alta 1ra. Sección
270030001,Ribera Alta 2da. Sección (Salsipuedes)
270030001,San José de Simón Sarlat
270030001,Barra de San Pedro
270030001,San Roque
270030001,Simón Sarlat
270030001,Tabasquillo 1ra. Sección
270030001,Tabasquillo 2da. Sección
270030001,Tres Brazos
270030001,La Unión
270030001,Vicente Guerrero
270030001,La Victoria
270030001,Arroyo Polo 3ra. Sección
270030001,Boca Grande 1ra. Sección
270030001,El Bellote
270030001,Cañaveral
270030001,El Guajuco
270030001,El Guatope
270030001,La Montaña
270030001,El Limón (De Vicente Guerrero)
270030001,El Milagro
270030001,El Porvenir
270030001,El Triunfo
270030001,La Pimienta
270030001,La Sábana
270030001,Pico de Oro
270030001,San Román
270030001,Las Porfías
270030001,San Juan
270030001,Francisco Villa
270030001,Miguel Hidalgo 2da. Sección
270030001,Nueva Esperanza de Quintín Aráuz
270030001,Gregorio Méndez Magaña
270030001,Los Ángeles
270030001,La Bellota
270030001,El Palmar (Buenavista)
270030001,Buenos Aires
270030001,El Coco
270030001,La Concepción
270030001,Chicozapote 2da. Sección
270030001,Las Delicias
270030001,El Encanto
270030001,La Encina y el Porvenir
270030001,El Escoro
270030001,El Faisán
270030001,Los Pericos
270030001,Fronterita
270030001,Augusto Gómez Villanueva
270030001,La Herradura
270030001,Isla del Buey
270030001,La Joya
270030001,Lerma
270030001,Llanuras de Centla
270030001,Las Mercedes
270030001,Las Mercedes
270030001,Mixteca 2da. Sección
270030001,Mixteca 3ra. Sección
270030001,Santander (Mal Paso)
270030001,La Montaña
270030001,Las Palmeras
270030001,Paquillal
270030001,Boca Grande 2da. Sección (Paquillalito)
270030001,La Esperanza
270030001,El Porvenir
270030001,La Punta del Buey
270030001,Cuatro Hermanos
270030001,San Carlos
270030001,El Refugio
270030001,El Retiro
270030001,Ribera Alta 3ra. Sección
270030001,San Agustín
270030001,San Agustín
270030001,San Juanito de Tres Brazos
270030001,La Suiza Uno (San Martín)
270030001,San Miguel
270030001,San Ramón
270030001,Santa Ana
270030001,Santa Andrea
270030001,Santa Rita
270030001,Santa Rita
270030001,Nuevo San Luis
270030001,La Suiza
270030001,Tasajera
270030001,José María Morelos y Pavón (Tintalillo)
270030001,El Tulipán
270030001,El Yucatecal
270030001,Francisco I. Madero
270030001,La Holanda (San Pedrito)
270030001,El Limón de Simón Sarlat
270030001,El Palmar (Rabelo)
270030001,El Bosque
270030001,San Carlos
270030001,El Porvenir
270030001,El Faro
270030001,San Francisco
270030001,El Conti
270030001,El Recreo (El Tumbo)
270030001,El Recreo
270030001,San José
270030001,Los Ángeles
270030001,La Tigrera
270030001,Miraflores (La Bellota)
270030001,Arroyo Polo 2da. Sección
270030001,Arroyo Polo 1ra. Sección
270030001,Luis Echeverría Álvarez
270030001,El Palmar
270030001,El Gran Chaparral
270030001,Tembladeras
270030001,Punta el Manglar
270030001,Los Guácimos
270030001,La Guadalupe
270030001,Chilapa 1ra. Sección (Margen Derecha)
270030001,Rómulo Cachón Ponce (Hormiguero)
270030001,Lázaro Cárdenas (El Guao)
270030001,El Porvenir (De Quintín Arauz)
270030001,El Pitayo
270030001,Las Tijeras
270030001,Ribera Alta Salsipuedes (Salsipuedes)
270030001,Boca de Pantoja
270030001,El Porvenir
270030001,Ribera Alta de Cuauhtémoc
270030001,Adolfo López Mateos
270030001,Lázaro Cárdenas
270030001,Mocambo (Cantarrana)
270030001,El Gorgojo (Santa Rosa)
270030001,Libertad de Allende
270030001,El Naranjal
270030001,Veintisiete de Febrero
270030001,Leandro Rovirosa Wade 2da. Sección
270030001,El Carmen 1ra. Sección
270030001,Constancia y Venecia
270030001,García
270030001,Niños Héroes
270030001,San Antonio
270030001,Miguel Hidalgo 1ra. Sección
270030001,Kilómetro 18
270030001,Francisco I. Madero
270030001,San Miguel
270030001,El Rin
270030001,Fraccionamiento Miramar
270030001,Cañaveral Corcovado
270030001,La Esperanza
270030001,El Danzi
270030001,Gran Chaparral y Faisán
270030001,El Pajaral (Los Pescadores)
270030001,San Lorenzo
270030001,San José del Carmen
270030001,Francisco Villa (Guano Solo)
270030001,Benito Juárez Lechugal
270030001,Carlos Rovirosa 2da. Sección (La Costeñita)
270030001,El Privilegio (Buenavista)
270030001,El Reflejo
270030001,Revolución
270030001,San Isidro
270030001,La Esperanza
270030001,Leandro Rovirosa Wade 1ra. Sección
270030001,El Socorro
270030001,Altamira
270030001,Francisco I. Madero (La Montaña)
270030001,Mesa Dorada
270030001,San Nicolás
270030001,Ribera Alta 2da. Sección
270030001,Josefa Ortíz de Domínguez
270030001,Frontera
270030001,San Jorge (Pravia)
270030001,Hablan los Hechos (Santa Rosa)
270030001,Alta Vista
270030001,Chilapa 2da. Sección (Cañaveralito)
270030001,Buenos Aires
270030001,El Carmen 2da. Sección
270030001,Lázaro Cárdenas
270030001,Macayo
270030001,El Palmar
270030001,Las Palmas
270030001,Paso de Tabasquillo
270030001,El Porvenir
270030001,Rómulo Cachón
270030001,El Rosario
270030001,Santa Teresa
270030001,María del Rosario Gutiérrez Eskildsen
270030001,Caparroso
270030001,Álvaro Obregón 2da. Sección (El Lechugal)
270030001,El Vergel de Allende
270030001,Luis Donaldo Colosio Murrieta
270030001,San José de Simón Sarlat (El Coco)
270030001,Los Ídolos Margen Izquierda
270040001,Villahermosa
270040001,Acachapan y Colmena 1ra. Sección
270040001,Acachapan y Colmena 2da. Sección (La Arena)
270040001,Acachapan y Colmena 3ra. Sección
270040001,Acachapan y Colmena 4ta. Sección
270040001,Acachapan y Colmena 5ta. Sección
270040001,Alvarado Santa Irene 1ra. Sección
270040001,Alvarado Guardacosta
270040001,Alvarado Jimbal
270040001,Anacleto Canabal 1ra. Sección
270040001,Anacleto Canabal 2da. Sección
270040001,Anacleto Canabal 3ra. Sección
270040001,Anacleto Canabal 4ta. Sección
270040001,Miraflores 1ra. Sección (Arroyo Grande)
270040001,Aztlán 1ra. Sección
270040001,Aztlán 2da. Sección (El Corcho)
270040001,Barrancas y Amate 3ra. Sección
270040001,Barrancas y Amate 2da. Sección
270040001,Barrancas y Guanal Tintillo
270040001,Barrancas y Guanal González
270040001,Aztlán 3ra. Sección (Corcho y Chilapilla)
270040001,Boquerón 1ra. Sección (San Pedro)
270040001,Boquerón 3ra. Sección (El Guanal)
270040001,Boquerón 4ta. Sección (Laguna Nueva)
270040001,Boquerón 5ta. Sección (La Lagartera)
270040001,Buena Vista 1ra. Sección
270040001,Buena Vista 2da. Sección
270040001,Buena Vista 3ra. Sección (Boca de Escoba)
270040001,Buena Vista Río Nuevo 1ra. Sección
270040001,Buena Vista Río Nuevo 2da. Sección
270040001,Buena Vista Río Nuevo 3ra. Sección
270040001,Santa Catalina (San Marcos)
270040001,El Censo
270040001,Colonia Agraria (La Isla)
270040001,El Corozal
270040001,Corregidora Ortiz 1ra. Sección
270040001,Corregidora Ortiz 2da. Sección
270040001,Corregidora Ortiz 3ra. Sección (San Pedrito)
270040001,Corregidora Ortiz 4ta. Sección
270040001,Corregidora Ortiz 5ta. Sección
270040001,Chacté
270040001,Aztlán 4ta. Sección (Corcho y Chilapilla)
270040001,Chiquiguao 1ra. Sección
270040001,Chiquiguao 2da. Sección (Chiquiguaíto)
270040001,Dos Montes
270040001,Emiliano Zapata
270040001,El Espino
270040001,Estancia
270040001,Estancia Vieja 1ra. Sección
270040001,Estancia Vieja 2da. Sección
270040001,Estanzuela 1ra. Sección
270040001,Estanzuela 2da. Sección
270040001,Gaviotas Sur (El Chiflón)
270040001,González 1ra. Sección
270040001,González 2da. Sección
270040001,González 3ra. Sección
270040001,González 4ta. Sección
270040001,Guineo 1ra. Sección
270040001,Guineo 2da. Sección
270040001,La Huasteca 1ra. Sección
270040001,La Huasteca 2da. Sección (Alvarado la Raya)
270040001,Hueso de Puerco
270040001,La Isla
270040001,Coronel Traconis 1ra. Sección (La Isla)
270040001,Ixtacomitán 1ra. Sección
270040001,Ixtacomitán 2da. Sección
270040001,Ixtacomitán 3ra. Sección
270040001,Ixtacomitán 4ta. Sección
270040001,Ixtacomitán 5ta. Sección
270040001,Ismate y Chilapilla 1ra. Sección
270040001,La Vuelta (La Jagua)
270040001,Aztlán 3ra. Sección (Jahuacte)
270040001,Jolochero 2da. Sección
270040001,Lagartera 1ra. Sección
270040001,Lázaro Cárdenas 1ra. Sección
270040001,Lázaro Cárdenas 2da. Sección
270040001,Luis Gil Pérez
270040001,Aztlán 1ra. Sección (Sector Majahual)
270040001,Las Matillas 4ta. Sección
270040001,Medellín y Madero 2da. Sección
270040001,Francisco I. Madero 1ra. Sección
270040001,Medellín y Madero 3ra. Sección
270040001,Medellín y Pigua 1ra. Sección
270040001,Medellín y Pigua 2da. Sección
270040001,Medellín y Pigua 3ra. Sección
270040001,Miguel Hidalgo 2da. Sección (La Guaira)
270040001,Miraflores 1ra. Sección
270040001,Miraflores 3ra. Sección
270040001,Miramar
270040001,Pablo L. Sidar (La Aurora)
270040001,Pajonal
270040001,Parrilla
270040001,Guapinol
270040001,Paso Real de la Victoria
270040001,Plátano y Cacao 4ta. Sección
270040001,Plátano y Cacao 1ra. Sección
270040001,Plátano y Cacao 2da. Sección (La Isla)
270040001,Plátano y Cacao 3ra. Sección
270040001,Pueblo Nuevo de las Raíces
270040001,Río Tinto 1ra. Sección
270040001,Río Tinto 2da. Sección
270040001,Río Tinto 3ra. Sección
270040001,Río Viejo 1ra. Sección
270040001,Río Viejo 2da. Sección
270040001,Río Viejo 3ra. Sección
270040001,Sabanas Nuevas
270040001,Medellín y Pigua 3ra. Sección (San Antonio)
270040001,Coronel Traconis 5ta. Sección
270040001,Playas del Rosario (Subteniente García)
270040001,Tierra Amarilla 1ra. Sección
270040001,Tierra Amarilla 2da. Sección
270040001,Tocoal
270040001,Torno Largo 1ra. Sección
270040001,Torno Largo 2da. Sección
270040001,Torno Largo 3ra. Sección (Sabanilla)
270040001,Tumbulushal
270040001,La Victoria
270040001,Macultepec
270040001,La Cruz del Bajío
270040001,El Zapotal
270040001,Coronel Traconis 2da. Sección (El Zapote)
270040001,Plutarco Elías Calles (Cura Hueso)
270040001,Tamulté de las Sabanas
270040001,La Manga 2da. Sección (El Jobal)
270040001,Gaviotas Sur (El Cedral)
270040001,Buena Vista Río Nuevo 4ta. Sección
270040001,La Manga
270040001,La Loma
270040001,La Ceiba
270040001,El Zapotal (La Llave)
270040001,El Bajío
270040001,La Lima
270040001,La Palma
270040001,Coronel Traconis (Guerrero 3ra. Sección)
270040001,Ocuiltzapotlán
270040001,Ismate y Chilapilla 1ra. Sección (San Antonio)
270040001,Coronel Traconis (San Francisco 4ta. Sección)
270040001,Acachapan y Colmena 2da. Sección (El Maluco)
270040001,Alvarado (Colima)
270040001,Boca de Aztlán 2da. Sección
270040001,Boca de Guanal
270040001,Boquerón 2da. Sección (El Barquillo)
270040001,Cocoyol (Socialista)
270040001,El Chilar
270040001,Pablo L. Sidar (Guineo)
270040001,Ismate y Chilapilla 2da. Sección
270040001,Medellín y Madero 4ta. Sección
270040001,Pablo L. Sidar (Miramar)
270040001,La Palma
270040001,Parrilla 4ta. Sección (Los Acosta)
270040001,Parrilla 5ta. Sección (El Carmen)
270040001,Plutarco Elías Calles
270040001,Ribera de las Raíces
270040001,San Marcos
270040001,La Vuelta 1ra. Sección (La Gloria)
270040001,Barrancas y Guanal López Portillo
270040001,Fraccionamiento Ocuiltzapotlán Dos
270040001,El Alambrado
270040001,Rovirosa
270040001,Boca Grande el Espino
270040001,El Novillo
270040001,Aztlán 5ta. Sección (Palomillal)
270040001,Aztlán 2da. Sección el Cuy
270040001,Constitución
270040001,La Providencia (La Majahua)
270040001,Torno Largo Estancia (El Manguito)
270040001,Miraflores 2da. Sección
270040001,Buena Vista 2da. Sección (El Tular)
270040001,Plutarco Elías Calles (La Majahua)
270040001,Parrilla II
270040001,Anacleto Canabal 3ra. Sección (Constitución)
270040001,Lázaro Cárdenas 2da. Sección (21 de Marzo)
270040001,Aztlán 1ra. Sección (La Piedad)
270040001,Coronel Traconis 5ta. Sección (San Isidro)
270040001,Medellín y Pigua 4ta. Sección (El Aguacate)
270040001,Lagartera 2da. Sección
270040001,Villa Unión
270040001,Las Matillas 4ta. Sección (San Antonio)
270040001,Jornaleros y Aparceros (Pajaritos)
270040001,Acachapan y Colmena 2da. Sección (La Lima)
270040001,Dieciséis de Septiembre
270040001,González 1ra. Sección (Punta Brava)
270040001,Ismate y Chilapilla 2da. Sección Jahuactillo
270040001,La Arena
270040001,Pablo L. Sidar
270040001,El Manzano
270040001,Santa Lucía
270040001,Alvarado Santa Irene 2da. Sección (El Taizal)
270040001,La Francia
270040001,La Juliana (El Chilar)
270040001,El Recreo
270040001,San Miguel
270040001,Aniceto
270040001,Parrilla 3ra. Sección (La Providencia)
270040001,Aztlán 5ta. Sección (Don Lorenzo)
270040001,Buena Vista 2da. Sección (Colonia José María)
270040001,Buena Vista 2da. Sección (Colonia Nueva)
270040001,Coronel Traconis (San Diego 5ta. Sección)
270040001,La Cruz del Bajío (La Soledad)
270040001,Flores del Trópico
270040001,Jolochero (Boca de Culebra)
270040001,José Asmitia 3ra. Ampliación
270040001,Luis Gil Pérez (La Villa)
270040001,Miraflores 2da. Sección (Zapotillo)
270040001,La Paila
270040001,Los Patos
270040001,Los Sauces
270040001,Tierra Amarilla 3ra. Sección
270040001,Aztlán 4ta. Sección (El Bajío)
270040001,El Rosario y el Quemado
270040001,García
270040001,Bicentenario
270040001,Villa el Cielo
270050001,Comalcalco
270050001,Aldama
270050001,Aldama 2da. Sección (Fernando Segovia)
270050001,Arena 1ra. Sección
270050001,Arena 2da. Sección
270050001,Arena 3ra. Sección
270050001,Arena 4ta. Sección
270050001,Arroyo Hondo 1ra. Sección (Guácimo)
270050001,Arroyo Hondo 3ra. Sección
270050001,Arroyo Hondo 4ta. Sección
270050001,Belisario Domínguez
270050001,Carlos Greene
270050001,Carlos Greene 2da. Sección
270050001,Centro Tular 1ra. Sección
270050001,Centro Tular 2da. Sección
270050001,Cocohital
270050001,Cupilco
270050001,Cuxcuxapa
270050001,Chicozapote
270050001,Chichicapa
270050001,Emiliano Zapata 1ra. Sección
270050001,Francisco I. Madero 1ra. Sección
270050001,Francisco I. Madero 2da. Sección
270050001,Gregorio Méndez 1ra. Sección
270050001,Gregorio Méndez 2da. Sección
270050001,Gregorio Méndez 3ra. Sección
270050001,Guayo 1ra. Sección
270050001,Hermenegildo Galeana
270050001,Ignacio Gutiérrez Gómez
270050001,Ignacio Zaragoza 1ra. Sección
270050001,Ignacio Zaragoza 2da. Sección
270050001,Independencia 1ra. Sección
270050001,Independencia 2da. Sección
270050001,Jesús Carranza
270050001,José María Pino Suárez 1ra. Sección
270050001,José María Pino Suárez 2da. Sección
270050001,José María Pino Suárez 3ra. Sección (Corinto)
270050001,Lagartera
270050001,Lázaro Cárdenas 1ra. Sección
270050001,León Zárate 1ra. Sección
270050001,Miguel Hidalgo
270050001,Norte 1ra. Sección (San Julián)
270050001,Norte 2da. Sección
270050001,Occidente 1ra. Sección
270050001,Occidente 2da. Sección
270050001,Oriente 1ra. Sección
270050001,Oriente 2da. Sección (San Cayetano)
270050001,Oriente 3ra. Sección
270050001,Oriente 4ta. Sección (Tripa Ciega)
270050001,Oriente 5ta. Sección (La Candelaria)
270050001,Paso de Cupilco
270050001,Patastal 1ra. Sección
270050001,Progreso Tular 1ra. Sección
270050001,Progreso Tular 2da. Sección
270050001,Lázaro Cárdenas 3ra. Sección
270050001,Reyes Hernández 1ra. Sección
270050001,Reyes Hernández 2da. Sección
270050001,Sargento López 1ra. Sección
270050001,Sargento López 2da. Sección (El Chuzo)
270050001,Sur 5ta. Sección
270050001,Sur 1ra. Sección
270050001,Sur 2da. Sección (La Trinidad)
270050001,Sur 3ra. Sección (El Zapote)
270050001,Sur 4ta. Sección
270050001,Tecolutilla
270050001,Tránsito Tular
270050001,Zapotal 1ra. Sección
270050001,Zapotal 2da. Sección
270050001,Aldama 3ra. Sección (Huapacalito)
270050001,Aldama 4ta. Sección (El Naranjito)
270050001,Arena 5ta. Sección
270050001,Arroyo Hondo 2da. Sección
270050001,Carlos Greene 3ra. Sección
270050001,Sur Aldama
270050001,Emiliano Zapata 2da. Sección
270050001,Francisco Trujillo Gurría
270050001,Guayo 2da. Sección
270050001,Guayo 3ra. Sección
270050001,Ignacio Zaragoza 3ra. Sección
270050001,Ignacio Zaragoza 4ta. Sección (San Andrés)
270050001,Lázaro Cárdenas 2da. Sección (El Retiro)
270050001,Occidente 3ra. Sección
270050001,Patastal 2da. Sección
270050001,Patastal 3ra. Sección
270050001,Sargento López 3ra. Sección (San Jorge)
270050001,Sargento López 4ta. Sección
270050001,Oriente 6ta. Sección (Los Mulatos)
270050001,Uspí
270050001,Novillero 4ta. Sección
270050001,Champa de Cupilco
270050001,San Fernando (Pueblo Nuevo)
270050001,Independencia 3ra. Sección
270050001,Santa Lucía Chichicapa (Fraccionamiento la Quinta)
270050001,Oriente 1ra. Sección (Santo Domingo)
270050001,Arena 6ta. Sección (La Bolsa)
270050001,Carlos Greene 4ta. Sección
270050001,Guatemalán
270050001,Zapotal 3ra. Sección
270050001,Occidente 4ta. Sección
270050001,Norte 1ra. Sección (Buena Vista)
270050001,Betania
270050001,Tecolutilla (Riberita)
270050001,Tupilquillo
270050001,Potrerillo
270050001,Carlos Pellicer Cámara
270050001,Río Playa (Los Pochitoques)
270050001,Tío Moncho (Urania Franyutti de Vázquez)
270050001,Gregorio Méndez 4ta. Sección (El Santiago)
270050001,León Zárate 2da. Sección
270050001,El Ángel
270050001,Oriente
270050001,Carlos Greene 1ra. Sección Dos (Colonia Jiménez)
270050001,Carlos Greene 1ra. Sección Tres (Colonia el Limón)
270050001,Cocohital Dos
270050001,Occidente Villa Aldama
270050001,Gobernadores
270060001,Cunduacán
270060001,Amado Gómez
270060001,Anta
270060001,Anta y Cúlico (Santa Rita)
270060001,Buenaventura
270060001,Buenos Aires
270060001,Carlos Rovirosa (Tulipán)
270060001,Casa Blanca 1ra. Sección
270060001,Casa Blanca 2da. Sección
270060001,Ceiba 1ra. Sección (Jahuactal)
270060001,Los Cerros
270060001,Cúlico 1ra. Sección
270060001,Cúlico 2da. Sección
270060001,Cucuyulapa
270060001,Cumuapa 1ra. Sección
270060001,Cumuapa 2da. Sección
270060001,Cumuapa 3ra. Sección
270060001,La Chonita
270060001,Dos Ceibas
270060001,Felipe Carrillo Puerto
270060001,Gregorio Méndez
270060001,Huacapa y Amestoy
270060001,Huapacal 1ra. Sección
270060001,Huimango 1ra. Sección
270060001,Huimango
270060001,Huimango 3ra. Sección (Los Cerros)
270060001,José María Pino Suárez
270060001,Laguna de Cucuyulapa
270060001,Libertad
270060001,La Lucha
270060001,Mantilla
270060001,Marín
270060001,Marín (Rampa de Panuncio)
270060001,Miahuatlán 1ra. Sección
270060001,Miahuatlán 2da. Sección
270060001,Libertad 3ra. Sección (Monte Grande)
270060001,Monterrey
270060001,Morelos Piedra 3ra. Sección
270060001,Once de Febrero 1ra. Sección
270060001,Once de Febrero 2da. Sección
270060001,Pechucalco
270060001,La Piedra 1ra. Sección
270060001,La Piedra 2da. Sección
270060001,La Piedra 3ra. Sección
270060001,La Piedra 4ta. Sección
270060001,Plátano 1ra. Sección
270060001,Plátano 2da. Sección
270060001,Rancho Nuevo
270060001,Reforma
270060001,Río Seco 2da. Sección (Santiaguito)
270060001,San Eligio
270060001,Emiliano Zapata (San Mateo)
270060001,San Rafael
270060001,Santo Tomás
270060001,Tierra y Libertad
270060001,El Tular
270060001,Yoloxóchitl 2da. Sección (San Severo)
270060001,Yoloxóchitl 1ra. Sección
270060001,Yoloxóchitl 2da. Sección
270060001,Yoloxóchitl 3ra. Sección
270060001,Cucuyulapa 2da. Sección (Puente Samaria)
270060001,Huapacal 2da. Sección
270060001,El Carmen (Cumuapa)
270060001,José María Morelos y Pavón (Morelitos)
270060001,Los Cedros
270060001,Miahuatlán 3ra. Sección
270060001,Pechucalco 2da. Sección (Las Cruces)
270060001,Cunduacán (San Pedro)
270060001,Amado Gómez 2da. Sección
270060001,Río Seco 3ra. Sección (La Playita)
270060001,Cunduacán (El Moté)
270060001,Libertad 2da. Sección
270060001,Libertad 5ta. Sección
270060001,Santa Isabel
270060001,Felipe Galván
270060001,San Pedro Cumuapa
270060001,General Francisco J. Mújica
270060001,Libertad 4ta. Sección (Vicente Guerrero)
270060001,El Palmar
270060001,Alianza Periférico
270060001,La Esmeralda
270060001,Alianza para la Producción
270060001,Enrique González Pedrero
270060001,El Tunal
270060001,Libertad 6ta. Sección (Los Martínez)
270060001,El Progreso
270060001,Ignacio Zaragoza
270060001,Colima
270060001,La Isla
270060001,Miahuatlán (San Gregorio)
270060001,Nicolás Bravo
270060001,Miahuatlán (San Nicolás)
270060001,Mario Barrueta García
270060001,Huimango 2da. Sección (La Mona)
270060001,Huimango 1ra. Sección (La Esperanza)
270060001,Mantilla
270060001,Miahuatlán (San Isidro)
270060001,Santa Lucía
270060001,Adolfo Ruiz Cortines (Morelitos)
270060001,Domingo Amado Brito Salgado
270060001,Miahuatlán (San Antonio)
270060001,Benito Juárez
270060001,Emiliano Zapata
270060001,Oscar Gómez Sáuz
270060001,Huimango 2da. Sección
270060001,Nueva Esperanza
270060001,Río Seco 1ra. Sección
270060001,San Benito la Bolsa (Tierra y Libertad)
270060001,Los Aguilares
270060001,Dieciséis de Septiembre
270060001,Felipe Carrillo Puerto (Ampliación San Felipito)
270060001,Huimango 1ra. Sección (El Dren)
270060001,La Piedra 2da. Sección (La Candelaria)
270060001,Yoloxóchitl (Escobillal)
270060001,Once de Febrero (Campo Bellota)
270060001,La Playita
270070001,Emiliano Zapata
270070001,Aguacate
270070001,Buena Vista
270070001,Cacao
270070001,El Carmen
270070001,El Paraíso
270070001,Concepción
270070001,Gregorio Méndez Magaña (Pénjamo)
270070001,Chablé
270070001,Chacaj
270070001,La Isla
270070001,Emiliano Zapata (Sección Jobal)
270070001,La Laguneta
270070001,Mariché
270070001,La Pita
270070001,Pocvicuc
270070001,Reforma
270070001,Río Final
270070001,San Bartolo
270070001,Santa Cruz
270070001,Santa Elena
270070001,Santa Leonor
270070001,Emiliano Zapata (Sección Pochote)
270070001,Emiliano Zapata (Sección el Avispero)
270070001,El Villano
270070001,Nuevo Chablé
270070001,Buenos Aires
270070001,El Pucté
270070001,El Tamana (Los Morenos)
270070001,El Triángulo
270070001,Jalisco
270070001,La Eternidad
270070001,Las Margaritas
270070001,Las Vegas
270070001,Santa Ana
270070001,San Antonio
270070001,San Felipe
270070001,San Miguel
270070001,Santa Rosa
270070001,El Coco
270070001,Corozal
270070001,El Cuyo
270070001,Chiquiguao
270070001,Las Delicias
270070001,El Desengaño
270070001,El Encanto
270070001,San Román
270070001,El Tulipán
270070001,El Piedral (Tierra Blanca)
270070001,La Bonita
270070001,Retén Federal
270070001,Paraíso
270070001,Coyoacán
270070001,La Villa
270070001,Tres Letras
270070001,La Lomita
270070001,Montebello
270070001,San Alfonso (Las Campanas)
270070001,Chamizal
270070001,Loma Bonita
270070001,El Carmen (San Marcos)
270070001,Santa Beatriz
270070001,Cinco Hermanos
270070001,Los Salinas
270070001,Chacama
270070001,San Basilio
270070001,La Mora
270070001,Cacao Zona Baja
270070001,Jesús Arcos Guerra
270070001,Nuevo Pochote
270070001,La Payla
270070001,Las Palmitas
270070001,El Coco (Vicente Éboli Oropeza)
270070001,Linda Vista
270070001,Santa Cruz
270070001,San Juan
270070001,San Felipe
270070001,El Macho
270070001,Boca de Chacamax
270070001,La Esperanza
270070001,Paso de San Román
270070001,El Pial
270070001,Los Robles
270070001,San Antonio
270070001,San Carlos
270070001,Último Esfuerzo
270070001,Las Veletas
270070001,Cacao Zona Alta
270070001,Las Porfías
270080001,Huimanguillo
270080001,Alto Amacohíte 3ra. Sección
270080001,Amacohíte 1ra. Sección
270080001,Amacohíte 2da. Sección
270080001,La Arena 1ra. Sección
270080001,Blasillo 1ra. Sección (Nicolás Bravo)
270080001,Caobanal 1ra. Sección (Mezcalapa)
270080001,La Ceiba 1ra. Sección
270080001,Central Fournier 1ra. Sección (El Coleto)
270080001,Chicoacán
270080001,Chontalpa (Estación Chontalpa)
270080001,El Desecho 1ra. Sección
270080001,El Desecho 2da. Sección
270080001,Economía
270080001,Emiliano Zapata (Chichonal de la Boyería)
270080001,El Encomendero
270080001,Las Flores
270080001,Francisco I. Madero
270080001,Francisco J. Santamaría 1ra. Sección
270080001,Francisco Martínez Gaytán
270080001,Francisco Rueda
270080001,Francisco Sarabia
270080001,Gilberto Flores Muñoz 2da. Sección
270080001,Gregorio Méndez 2da. Sección
270080001,Guadalupe Victoria
270080001,Güiral y González 1ra. Sección
270080001,Güiral y González 2da. Sección
270080001,Huapacal 1ra. Sección
270080001,Ignacio Gutiérrez 3ra. Sección
270080001,Ignacio Gutiérrez 1ra. Sección
270080001,Ignacio Gutiérrez 2da. Sección
270080001,José María Pino Suárez 1ra. Sección
270080001,José Mercedes Gamas 2da. Sección
270080001,José Narciso Rovirosa
270080001,Laguna de los Limones
270080001,Libertad
270080001,Macayo y Naranjo 1ra. Sección
270080001,Macayo y Naranjo 2da. Sección
270080001,Macayo y Naranjo 3ra. Sección (San Agustín)
270080001,Malpasito
270080001,Manuel Sánchez Mármol
270080001,Mecatepec
270080001,Monte de Oro 1ra. Sección
270080001,Los Naranjos 1ra. Sección (Campechito)
270080001,Los Naranjos 2da. Sección
270080001,Ocuapan
270080001,Otra Banda 3ra. Sección
270080001,Otra Banda 1ra. Sección
270080001,Otra Banda 2da. Sección
270080001,Palo Mulato (Zapotal)
270080001,Paredón 1ra. Sección
270080001,Paso del Rosario
270080001,Pedregal Moctezuma 1ra. Sección
270080001,Pedregal Moctezuma 2da. Sección (Leyva)
270080001,Pedregal Moctezuma 1ra. Sección
270080001,Pedregalito 1ra. Sección
270080001,Pedro C. Colorado
270080001,Pejelagartero 1ra. Sección (Plataforma)
270080001,La Vencedora
270080001,Pico de Oro 1ra. Sección
270080001,El Puente 1ra. Sección
270080001,El Puente
270080001,Río Seco y Montaña 1ra. Sección
270080001,Río Seco y Montaña 2da. Sección
270080001,San Fernando
270080001,San Manuel
270080001,Tecominoacán
270080001,Tierra Colorada 2da. Sección (Silbarán)
270080001,Tierra Nueva 1ra. Sección
270080001,Tierra Nueva 2da. Sección
270080001,Tierra Nueva 3ra. Sección
270080001,Tres Bocas 1ra. Sección
270080001,La Venta
270080001,Venustiano Carranza
270080001,Villa Flores 1ra. Sección
270080001,Villa Flores 2da. Sección
270080001,Estación Zanapa
270080001,C-31 (General Francisco Villa)
270080001,C-32 (Licenciado Francisco Trujillo Gurría)
270080001,C-34 (Licenciado Benito Juárez García)
270080001,C-40 (Ernesto Aguirre Colorado)
270080001,C-41 (Licenciado Carlos A. Madrazo)
270080001,La Arena 2da. Sección
270080001,Ostitán 1ra. Sección
270080001,Ostitán 2da. Sección
270080001,Benito Juárez 1ra. Sección
270080001,Marcelino Inorrueta de la Fuente
270080001,Gregorio Méndez
270080001,Río Pedregal
270080001,Unidad Modelo Sábana Larga
270080001,Aquiles Serdán 1ra. Sección
270080001,Benito Juárez
270080001,Caobanal 2da. Sección (Pedro Sánchez Magallanes)
270080001,Cuauhtémoc
270080001,Chimalapa 1ra. Sección
270080001,Chimalapa 2da. Sección
270080001,El Guanal
270080001,El Hormiguero
270080001,Gustavo Díaz Ordaz 1ra. Sección
270080001,La Candelaria
270080001,La Soledad 1ra. Sección
270080001,Las Piedras
270080001,Carlos A. Madrazo
270080001,Las Giraldas
270080001,Miguel Hidalgo y Costilla
270080001,Ostitán 1ra. Sección
270080001,Rafael Martínez de Escobar
270080001,Río Seco y Montaña 3ra. Sección (Chinal)
270080001,Villa de Guadalupe
270080001,Paso de la Mina 2da. Sección (Barrial)
270080001,Paredón 2da. Sección
270080001,Paredón 3ra. Sección
270080001,Estación Martínez Gaytán
270080001,Aureo L. Calles
270080001,Santa Lucía
270080001,Ignacio Allende
270080001,Gustavo Díaz Ordaz 2da. Sección
270080001,Zanapa 1ra. Sección
270080001,Zanapa 2da. Sección (El Tumbo)
270080001,Blasillo 2da. Sección (Otates)
270080001,Tierra Colorada 1ra. Sección
270080001,Paso de la Mina 3ra. Sección
270080001,Los Naranjos 3ra. Sección
270080001,José María Morelos y Pavón
270080001,Central Fournier 2da. Sección
270080001,Huapacal 2da. Sección
270080001,Pico de Oro 3ra. Sección
270080001,Paredón 1ra. Sección (El Porvenir)
270080001,Paredón 2da. Sección (Álvaro Obregón)
270080001,El Barí
270080001,Bellas Artes
270080001,Bellos Horizontes
270080001,Blasillo 4ta. Sección
270080001,El Cabrito
270080001,El Naranjal
270080001,El Carmen
270080001,La Ceiba 2da. Sección
270080001,Cinco Hermanos
270080001,El Cocoite
270080001,La Imaginación
270080001,El Chapo 1ra. Sección
270080001,Chicoacán
270080001,Diez de Abril
270080001,Aquiles Serdán 2da. Sección (Azucenita)
270080001,Francisco J. Mújica
270080001,Francisco Trujillo Gurría
270080001,Francisco Villa
270080001,Las Galaxias
270080001,La Gavia
270080001,José Mercedes Gamas 1ra. Sección
270080001,Gregorio Méndez Magaña
270080001,Guadalupe Victoria
270080001,Ogarrio (Rancho de los Manzanilla)
270080001,Guerrero
270080001,Ignacio Gutiérrez 4ta. Sección
270080001,José María Morelos y Pavón
270080001,José María Pino Suárez
270080001,El Otate
270080001,Luis Cabrera
270080001,Macabil
270080001,Macabilito
270080001,Central Fournier 2da. Sección
270080001,Los Cocos
270080001,La Esperanza
270080001,Palo Blanco
270080001,Las Pampas
270080001,El Paraíso
270080001,Linda Vista
270080001,Pedregal Moctezuma 2da. Sección
270080001,El Pedregal
270080001,Pejelagartero 1ra. Sección (Los Pinos)
270080001,Pico de Oro 4ta. Sección (Pejelagarterito)
270080001,C-25 (Isidro Cortés Rueda)
270080001,Ramírez
270080001,Las Giraldas
270080001,La Mina
270080001,Valencia
270080001,El Recreo
270080001,La Ceiba 1ra. Sección (Ruiz Cortínes)
270080001,San Antonio
270080001,Zapotal 1ra. Sección (San Miguel)
270080001,Santa Cruz
270080001,El Suspiro
270080001,La Laguna
270080001,Lago Escondido (El Tasiste)
270080001,Tembladera 1ra. Sección
270080001,Tierra Colorada 3ra. Sección
270080001,La Libertad
270080001,El Trébol (La Estrella)
270080001,Tres Bocas 2da. Sección (El Zapotal)
270080001,La Concepción
270080001,La Chicharra
270080001,Esperanza del Bajío
270080001,Buena Fe
270080001,Claguamar
270080001,La Deliciosa
270080001,Arriba y Adelante
270080001,Las Elenas
270080001,Los Morales
270080001,Licenciado Antonio Zamora Arrioja
270080001,Miguel Alemán Valdez
270080001,Organización Campesina CNC
270080001,Vieja Guardia Agrarista
270080001,Tembladera (Paso Viejo)
270080001,El Abuelo
270080001,La Palma
270080001,Laguna del Rosario
270080001,Paso de la Mina 1ra. Sección
270080001,San Juan
270080001,Altamira
270080001,San Pedrito
270080001,El Complejo
270080001,Nuevo Progreso
270080001,Pejelagartero 1ra. Sección (Gpe. Victoria)
270080001,Pejelagartero 1ra. Sección (Chichonal)
270080001,Pejelagartero 1ra. Sección (El Filero)
270080001,Zapotal 4ta. Sección (Zapotalito)
270080001,Zapotal 3ra. Sección (El Corchal)
270080001,Pejelagartero 2da. Sección (Nueva Reforma)
270080001,El Desecho 1ra. Sección (Playa I)
270080001,El Dorado
270080001,La Trinidad
270080001,La Aduana
270080001,La Ceiba
270080001,José María Pino Suárez 2da. Sección
270080001,Chicoacán (Ampliación)
270080001,Monte de Oro 2da. Sección
270080001,El Mangal
270080001,Los Naranjos
270080001,C-26 (General Pedro C. Colorado)
270080001,San Rogelio
270080001,Paredón 1ra. Sección (La Isla)
270080001,San Rafael
270080001,Celia González de Rovirosa
270080001,La Lucha
270080001,La Luz
270080001,Enrique Rodríguez Cano
270080001,Emiliano Zapata (Kilómetro 4)
270080001,Economía
270080001,El Vergel
270080001,Eduardo Alday Hernández
270080001,Gilberto Flores Muñoz
270080001,Margarito Zapata
270080001,Nueva Esperanza
270080001,Panga Nueva (La Central)
270080001,Santa Petrona
270080001,Benito Juárez 2da. Sección (Monte Alegre)
270080001,Ernesto Aguirre Colorado
270080001,La Lima (Tres Bocas)
270080001,La Loma
270080001,Los Laureles
270080001,San Alfredo
270080001,El Zopilote
270080001,Caobanal 1ra. Sección (La Victoria)
270080001,Los Viveros
270080001,Pedro Sánchez Magallanes
270080001,Pejelagartero 2da. Sección
270080001,El Palmar
270080001,Chiloloco
270080001,Agapito Domínguez Canabal
270080001,Otra Banda 2da. Sección
270080001,Pedro C. Colorado 3ra. Sección
270080001,Samaria
270080001,Oaxaca
270080001,Grano de Oro
270080001,Palmira
270080001,Ojo de Agua
270080001,Campamento Galilea
270080001,El Novillo
270080001,El Retoño
270080001,Francisco Martínez Gaytán 2da. Sección
270080001,Framboyán
270080001,El Mil Agro
270080001,Gustavo Díaz Ordaz 3ra. Sección
270080001,Tierra Nueva 4ta. Sección
270080001,Las Granjas
270080001,Miguel Alemán
270080001,Emporio
270080001,José Narciso Rovirosa
270080001,Tío Moncho (Caobanal 1ra. Sección)
270080001,Santa Cruz
270080001,Cangrejera
270080001,Monte de Oro 3ra. Sección
270080001,Don Ostadio
270080001,Río Seco y Montaña 3ra. Sección (Ampliación)
270080001,Magil
270080001,Manuel Treviño
270080001,La Nueva Esperanza
270080001,Beto Aguilera
270080001,La Quebrada
270080001,El Sacrificio
270080001,Rancho Alegre
270080001,Emiliano Zapata 2da. Sección
270080001,Chicoacán 1ra. Sección
270080001,San Manuel Tenerife
270080001,La Soledad 2da. Sección
270080001,Poblado C-41
270080001,Pejelagartero 1ra. Sección (Nuevo Progreso)
270080001,Zapotal 5ta. Sección
270080001,El Chapo 2da. Sección
270080001,Ignacio Gutiérrez 5ta. Sección
270080001,Tres Bocas 3ra. Sección
270080001,Tierra Colorada 4ta. Sección
270080001,Enrique Rodríguez Cano
270080001,Tomás Garrido Canabal
270080001,Armando de la Fuente
270080001,El Carmen
270080001,Ignacio Allende (Chapingo)
270080001,El Cruceño
270080001,Cuauhtémoc y Palmira
270080001,Doctor Vladimir Bustamante
270080001,La Gloria
270080001,Huapacal 3ra. Sección
270080001,Isidro Broca
270080001,El Jobo
270080001,Macabil
270080001,Mastelero
270080001,Los Naranjos 4ta. Sección
270080001,Pedregalito 1ra. Sección (Vicente Guerrero)
270080001,Pedro C. Colorado 1ra. Sección
270080001,Pejelagartero 2da. Sección (Jahuacte)
270080001,Poblado C-34
270080001,La Primavera
270080001,El Refugio
270080001,Río Pedregal 2da. Sección (Guadalupe Victoria)
270080001,Roberto Madrazo Pintado
270080001,El Sacrificio
270080001,Salvador Neme Castillo
270080001,El Sauce
270080001,Los Tecos
270080001,Tembladera 2da. Sección (Concepción Álvarez)
270080001,Tierra Nueva 1ra. Sección (Las Palmas)
270080001,El Trébol
270080001,Tres Bocas
270080001,Tres Gotas de Agua
270080001,La Trinidad
270080001,La Venta (El Cuatro)
270080001,Por la Moral de un Presidente
270080001,Huapacal 4ta. Sección
270080001,Poblado C-31 Uno
270080001,Pejelagartero 1ra. Sección (El Arroyito)
270080001,El Puente 2da. Sección
270080001,Manuel Andrade Díaz
270080001,Palo Mulato Viejo
270080001,Santa Cecilia
270080001,Zapotal San Miguel 1ra. Sección Ramal Uno
270080001,Escobedo
270080001,General Miguel Orrico de los Llanos
270080001,La Florida
270080001,La Trinidad
270080001,San Lázaro
270080001,Unión y Fuerza
270080001,Libertad Agraria
270080001,El Carmen
270080001,Luis Donaldo Colosio Murrieta
270080001,Lázaro Cárdenas del Río
270080001,Nuevo México
270080001,18 de Marzo
270080001,Rancho Nuevo
270080001,Pejelagartero 2da. Sección (Palo de Rayo)
270080001,La Bendición de Dios
270090001,Jalapa
270090001,Aquiles Serdán 3ra. Sección (San Román)
270090001,Aquiles Serdán 2da. Sección
270090001,Astapa
270090001,Benito González
270090001,Calicanto 1ra. Sección
270090001,Calicanto 2da. Sección
270090001,Calicanto 3ra. Sección
270090001,El Cerro
270090001,Chichonal 1ra. Sección
270090001,Chipilinar 1ra. Sección
270090001,Chipilinar 1ra. Sección (Guayacán)
270090001,Francisco J. Santamaría (Cacao)
270090001,Guanal 3ra. Sección (Guanalito)
270090001,Huapacal 1ra. Sección
270090001,Huapacal 2da. Sección
270090001,Jahuacapa
270090001,Jalapa
270090001,Mérida y Guarumo
270090001,Montaña
270090001,Puyacatengo Sur
270090001,Guanal 2da. Sección
270090001,Río de Teapa
270090001,San Cristóbal 1ra. Sección
270090001,San Juan el Alto 1ra. Sección
270090001,San Juan el Alto 2da. Sección
270090001,San Miguel Adentro 1ra. Sección
270090001,San Miguel Afuera
270090001,Santo Domingo 1ra. Sección (El Llano)
270090001,Tequila 1ra. Sección (La Aurora)
270090001,Víctor Fernández Manero 1ra. Sección (San Antonio)
270090001,Puyacatengo Norte
270090001,La Unión (Clavo de la Victoria)
270090001,Progreso
270090001,Tequila
270090001,Aquiles Serdán 4ta. Sección
270090001,San Cristóbal 2da. Sección
270090001,San Marcos
270090001,San Miguel Afuera
270090001,El Dorado
270090001,Chipilinar 2da. Sección (Contreras)
270090001,Guanal 1ra. Sección
270090001,Aquiles Serdán 1ra. Sección
270090001,Chichonal 2da. Sección
270090001,Chichonal 3ra. Sección (La Capilla)
270090001,Santo Domingo 2da. Sección
270090001,Lomas de Vidal
270090001,Tequila 3ra. Sección (Independencia)
270090001,Tequila 2da. Sección
270090001,Víctor Fernández Manero 2da. Sección (San Miguel)
270090001,Víctor Fernández Manero 3ra. Sección (San Isidro)
270090001,Jahuacapa (Puente Grande)
270090001,Puerto Rico
270090001,Montaña
270090001,Emiliano Zapata
270090001,Chipilinar 4ta. Sección
270090001,Chichonal 4ta. Sección
270090001,Chipilinar 1ra. Sección la Lima
270090001,Chipilinar 3ra. Sección
270090001,San Miguel Adentro 2da. Sección
270090001,Calicanto (Rinconada)
270090001,Aquiles Serdán 5ta. Sección
270090001,Jalapa
270090001,Jesús María
270090001,Tequila 4ta. Sección
270100001,Jalpa de Méndez
270100001,Amatitán
270100001,Ayapa
270100001,Benito Juárez 1ra. Sección
270100001,Benito Juárez 2da. Sección
270100001,Benito Juárez 3ra. Sección
270100001,Boquiapa
270100001,La Ceiba
270100001,La Concepción
270100001,La Cruz
270100001,Chacalapa 1ra. Sección
270100001,Chacalapa 2da. Sección (San Manuel)
270100001,Gregorio Méndez
270100001,Hermenegildo Galeana 1ra. Sección
270100001,Hermenegildo Galeana 2da. Sección
270100001,Huapacal 1ra. Sección
270100001,Huapacal 2da. Sección (Punta Brava)
270100001,Iquinuapa (El Clavo)
270100001,Iquinuapa
270100001,Jalupa
270100001,El Campo Petrolero Mecoacán
270100001,Mecoacán
270100001,Mecoacán 2da. Sección (San Lorenzo)
270100001,Nicolás Bravo
270100001,Pueblo Viejo
270100001,El Recreo
270100001,Reforma 1ra. Sección
270100001,Reforma 2da. Sección (Santa María)
270100001,Reforma 3ra. Sección (El Guano)
270100001,El Río
270100001,San Nicolás
270100001,Santa Ana (El Río)
270100001,Santa Lucía
270100001,Santuario 1ra. Sección
270100001,Soyataco
270100001,Santuario 2da. Sección
270100001,Tierra Adentro 1ra. Sección
270100001,Tierra Adentro 2da. Sección
270100001,Tierras Peleadas (Tierras Amigas)
270100001,Tomás Garrido Canabal (San José)
270100001,Vicente Guerrero 1ra. Sección
270100001,Vicente Guerrero 2da. Sección
270100001,El Novillero
270100001,El Juncal
270100001,San Hipólito
270100001,San Gregorio
270100001,La Trinidad
270100001,Ribera Alta
270100001,El Púlpito
270100001,Tierra Adentro 3ra. Sección (El Vigía)
270100001,El Carmen
270100001,Ayapa
270100001,Nabor Cornelio Álvarez
270100001,La Ensenada
270100001,José Narciso Rovirosa
270100001,El Mango de Ayapa
270100001,Ribera del Puente
270100001,El Carmen (La Ensenada)
270100001,Colonia Osorio
270100001,El Carmen
270100001,Lázaro Cárdenas
270100001,La Solución Somos Todos (Arroyo Hondo)
270100001,Soyataco Uno
270100001,La Pera
270100001,La Guadalupe
270110001,Jonuta
270110001,El Barrial
270110001,Boca de San Gerónimo
270110001,La Guayaba (Alto Amatitán)
270110001,Constitución de 1917 (Jonutilla)
270110001,Boca de San Antonio
270110001,El Bejucal
270110001,Cocoyolar (Río Chico)
270110001,Cuyo de Guadalupe
270110001,Esperanza
270110001,Esquipulas
270110001,Federico Álvarez 1ra. Sección A
270110001,Güiro Arrancado
270110001,José María Pino Suárez (San Pedro)
270110001,Monte Grande
270110001,Los Pájaros
270110001,Las Palmas
270110001,Playa Larga
270110001,Pueblo Nuevo
270110001,Ribera Baja 1ra. Sección A
270110001,El Sacrificio
270110001,Torno de la Bola
270110001,Torno Largo 1ra. Sección A (Benito Juárez)
270110001,Torno Largo 2da. Sección
270110001,Trinidad y Catalina 1ra. Sección
270110001,Zapotal 1ra. Sección B
270110001,San Miguel
270110001,Monte Grande (El Pastal)
270110001,San Felipe
270110001,El Aguacatal
270110001,La Frutilla
270110001,El Piñal
270110001,Lázaro Cárdenas
270110001,Santa Anita del Rosario
270110001,El Cocal
270110001,El Porvenir 1ra. Sección
270110001,Isla Helva de Guadalupe
270110001,Santa Rita 1ra. Sección
270110001,Chanero
270110001,San Gerónimo
270110001,Las Petronas
270110001,Venustiano Carranza (El Pajonal)
270110001,Acapulco
270110001,Carlos Pellicer Cámara (Bajo Amatitán)
270110001,El Barrialito (El Pichal)
270110001,El Bonchanito
270110001,Buena Vista
270110001,Campo Nuevo
270110001,La Candelaria
270110001,San Benigno (Canul)
270110001,El Bajío (El Caribal)
270110001,Cirilo y Narváez
270110001,El Chamizal
270110001,Chichicastle
270110001,Chinal
270110001,Ribera Baja 2da. Sección (Gran Poder)
270110001,El Bolsón
270110001,Isla Nuevo Barrialito
270110001,Monte Grande (Nuevo Mundo)
270110001,Acuiltzingo
270110001,Las Puercas (Playa Larga 3ra. Sección)
270110001,Pochitocal
270110001,La Providencia
270110001,Quince de Mayo
270110001,La Racha
270110001,Boca de Amatitán
270110001,Federico Álvarez 2da. Sección
270110001,San Geronimito
270110001,San José Jimbal
270110001,Santa Cruz (El Santuario)
270110001,Santa Rita 2da. Sección
270110001,Isla San Lorenzo (Sitio Nuevo)
270110001,El Deseo
270110001,Las Chepas
270110001,Las Canoas
270110001,Laguna Azul (La Ilusión)
270110001,Carrizal
270110001,Chanero Río
270110001,Corozal
270110001,Corozal Río
270110001,Guarda Tierra
270110001,Zapotal 2da. Sección
270110001,Vuelta Abajo
270110001,Los Buchecos
270110001,Los Giles
270110001,Tomás Garrido Canabal (El Rincón)
270110001,El Ciprés
270110001,San Fernando
270110001,El Tucuyal
270110001,La Piñuela
270110001,Altamira
270110001,Bella Flor
270110001,La Encarnación
270110001,San José
270110001,El Almendrito
270110001,Francisco J. Mújica
270110001,Elpidio Sánchez
270110001,Encarnación
270110001,San Pablo
270110001,Sacrificio
270110001,Prudencio López Arias
270110001,San Juan
270110001,San Manuel
270110001,California
270110001,Tabasco Nuevo
270110001,Ribera Baja 1ra. Sección B
270110001,San Manuel
270110001,La Herma
270110001,Argentina
270110001,Sitio Nuevo
270110001,El Carmen
270110001,La Concordia
270110001,El Pitero
270110001,La Providencia
270110001,La Chonita
270110001,El Triunfo (La Paila)
270110001,Isla el Rosario
270110001,Nueva Esperanza
270110001,Santa Cruz
270110001,San José
270110001,San Pedro
270110001,Playa Chiquita 1ra. Sección A
270110001,El Plátano
270110001,El Charro
270110001,San Cristóbal
270110001,Tumbo Chinal
270110001,Vista Hermosa
270110001,San Manuel
270110001,El Progreso
270110001,San Danilo (El Durazno)
270110001,Delita (Santa Deli)
270110001,Isla Chichicastle
270110001,Los Pájaros (El Porvenir)
270110001,San Julián
270110001,San Miguel
270110001,Buenos Lirios
270110001,Cinco de Mayo
270110001,Argentina
270110001,El Porvenir
270110001,San Jorge
270110001,Sacrificio
270110001,Las Delicias
270110001,La Esperanza
270110001,Santa Rosa
270110001,Bélgica
270110001,Sacrificio
270110001,San Agustín
270110001,El Tinto
270110001,Las Campanas
270110001,El Encanto (El Chochal)
270110001,Hidalgo y Tamarindo
270110001,El Chochal
270110001,La Bendición de Dios
270110001,San José
270110001,Los Cuatro Hermanos López
270110001,Trinidad y Catalina 2da. Sección
270110001,El Desengaño
270110001,La Piñuela
270110001,La Frutilla (San Ángel)
270110001,El Trébol
270110001,El Caoba
270110001,San Antonio (Isla los Paladines)
270110001,El Sitio
270110001,Corcobao
270110001,Federico Álvarez 3ra. Sección
270110001,Torno Largo 1ra. Sección (El Güiral)
270110001,Playa Chiquita 2da. Sección
270110001,San Manuel
270110001,Boca de San Gerónimo (San Gerónimo)
270110001,Torno Largo 1ra. Sección B
270110001,Torno Largo 3ra. Sección
270110001,Zapotal 1ra. Sección A
270110001,Trinidad y Catalina 3ra. Sección
270110001,Puerta al Cielo
270110001,Torno Largo 4ta. Sección
270110001,Federico Álvarez 1ra. Sección B
270110001,Federico Álvarez 4ta. Sección
270110001,Playa Chiquita el Cuyo
270110001,Bejucal Ramal los Cuyos
270110001,María Elena Huerta Zamacona
270110001,Palo Verde
270120001,Macuspana
270120001,Abasolo
270120001,Alcalde Mayor
270120001,AltoTulijá Sección Chinal
270120001,Alto Tulijá 2da. Sección (Paredón)
270120001,Álvaro Obregón
270120001,Allende Alto 2da. Sección
270120001,Allende Bajo 2da. Sección
270120001,Aquiles Serdán (San Fernando)
270120001,Bajo Tulijá
270120001,Barrial
270120001,Santos Degollado 1ra. Sección (El Bayo)
270120001,El Bayo 2da. Sección
270120001,Belén
270120001,Benito Juárez (San Carlos)
270120001,Bitzal 1ra. Sección
270120001,Bitzal 2da. Sección
270120001,Bitzal 3ra. Sección
270120001,Bitzal 4ta. Sección
270120001,Bitzal 5ta. Sección
270120001,Bitzal 6ta. Sección
270120001,Bonanza 1ra. Sección
270120001,Bonanza 2da. Sección
270120001,Buena Vista (Apasco)
270120001,Buergos
270120001,Las Campanas
270120001,Carlos Greene 1ra. Sección
270120001,Carmen Serdán
270120001,Castro y Güiro
270120001,Clemente Reyes 1ra. Sección
270120001,Rovirosa
270120001,El Congo
270120001,Corralillo 1ra. Sección (Nopalapa)
270120001,Cuauhtémoc
270120001,La Curva
270120001,Chilapilla 1ra. Sección
270120001,Chivalito 2da. Sección
270120001,Emiliano Zapata 1ra. Sección
270120001,Emiliano Zapata 2da. Sección
270120001,La Esperanza
270120001,Francisco Bates
270120001,Francisco I. Madero Alto 1ra. Sección
270120001,Francisco I. Madero Alto 2da. Sección
270120001,Francisco I. Madero Bajo
270120001,Francisco Javier Mina (El Coco)
270120001,Hermenegildo Galeana (Chiveros)
270120001,Morelos
270120001,Gregorio Méndez 2da. Sección (Pataztal)
270120001,Gregorio Méndez 1ra. Sección
270120001,Guadalupe Victoria
270120001,Guillermo Prieto
270120001,Gustavo A. Madero
270120001,Miguel Hidalgo 1ra. Sección
270120001,Ignacio Manuel Altamirano 1ra. Sección
270120001,Ignacio Manuel Altamirano 2da. Sección
270120001,La Isla 1ra. Sección
270120001,La Isla 2da. Sección
270120001,José Colomo
270120001,José María Pino Suárez
270120001,Lázaro Cárdenas 1ra. Sección
270120001,Lerdo de Tejada 1ra. Sección
270120001,Lerdo de Tejada 2da. Sección
270120001,Adolfo López Mateos (Corral Nuevo)
270120001,Licenciado Juan César Becerra Bates
270120001,Límbano Blandín 1ra. Sección
270120001,Limón 1ra. Sección Sector A
270120001,Limón 2da. Sección Sector A
270120001,El Maluco 1ra. Sección
270120001,Melchor Ocampo 1ra. Sección
270120001,Miguel Allende
270120001,Miguel Orrico de los Llanos
270120001,Monte Adentro
270120001,Monte Largo 1ra. Sección
270120001,Morelos
270120001,Los Naranjos 1ra. Sección
270120001,Narciso Mendoza 1ra. Sección
270120001,Nicolás Bravo
270120001,Nueva División del Bayo (Guatemala)
270120001,Palomas
270120001,Paraíso
270120001,Pedro A. González
270120001,Pedro C. Colorado 1ra. Sección
270120001,Pemex (Ciudad Pemex)
270120001,Pitahaya
270120001,Playas de las Jiménez
270120001,El Porvenir
270120001,Profesor Caparroso 1ra. Sección
270120001,Profesor Caparroso 2da. Sección
270120001,Ramón Grande
270120001,Reforma 1ra. Sección
270120001,Santos Degollado 2da. Sección
270120001,Santuario 1ra. Sección (Estación Macuspana)
270120001,Santuario 2da. Sección
270120001,Tepetitán
270120001,Tierra Colorada
270120001,El Triunfo 1ra. Sección
270120001,Unión y Libertad
270120001,Venustiano Carranza (La Alianza)
270120001,Vernet 1ra. Sección
270120001,Vernet 2da. Sección
270120001,Vernet 3ra. Sección
270120001,Vernet 4ta. Sección (Juan Salas)
270120001,Vernet 5ta. Sección (Corozal)
270120001,Vernet 6ta. Sección (San Lorenzo)
270120001,Vicente Guerrero 1ra. Sección
270120001,Virginio Chan 3ra. Sección
270120001,Virginio Chan 2da. Sección
270120001,Zopo Norte
270120001,Allende Bajo 1ra. Sección (San Joaquín)
270120001,Allende Bajo 2da. Sección (San Diego)
270120001,Bitzal 7ma. Sección
270120001,Encrucijada
270120001,Bayona
270120001,Corralillo 1ra. Sección
270120001,Chilapilla 2da. Sección
270120001,Miguel Hidalgo 2da. Sección
270120001,Lázaro Cárdenas 2da. Sección
270120001,Francisco Villa
270120001,Virginio Chan 1ra. Sección
270120001,El Chinalito
270120001,Melchor Ocampo 2da. Sección
270120001,La Unión
270120001,Mariano Matamoros
270120001,Veinte de Noviembre
270120001,Nuevo Progreso (La Candelaria)
270120001,Chivalito 4ta. Sección
270120001,Límbano Blandín 2da. Sección
270120001,La Escalera
270120001,Simón Sarlat
270120001,Pedro C. Colorado 2da. Sección (Orizaba)
270120001,Maluco 2da. Sección (Juan Vaquero)
270120001,Limón 1ra. Sección Sector B
270120001,El Triunfo 2da. Sección
270120001,El Corchal
270120001,Chiquihuite
270120001,Progreso (Guaruma)
270120001,Zopo Sur
270120001,Allende Alto 1ra. Sección
270120001,Arroyo Hondo (Vicente Guerrero 2da. Sección)
270120001,Alto Tulijá 1ra. Sección (Lechugal)
270120001,El Bayo 1ra. Sección (Granada)
270120001,Cacahuatalillo
270120001,La Candelaria (El Barrial)
270120001,Clemente Reyes 2da. Sección (Cantemoc)
270120001,El Guanal
270120001,Corozo
270120001,El Güiro
270120001,Maculizal
270120001,Otatal
270120001,Benito Juárez Sección Panzillal
270120001,Ramoncito
270120001,Reforma 2da. Sección
270120001,San Antonio
270120001,San Lucas
270120001,Santa Cruz
270120001,La Sombra
270120001,Tierra Colorada (Vicente Guerrero 3ra. Sección)
270120001,Veinte de Noviembre
270120001,Xicotencatl
270120001,La Y Griega
270120001,José López Portillo
270120001,Corralillo 2da. Sección (La Princesa)
270120001,Tomás Garrido Canabal
270120001,Las Ferias
270120001,Benito Juárez
270120001,El Mango
270120001,El Reventón
270120001,Narciso Mendoza 2da. Sección
270120001,Sitio Nuevo
270120001,Buena Vista (Puxcatán)
270120001,Ampliación Morelos (Los Morales)
270120001,Ampliación Morelos
270120001,Nabor Cornelio
270120001,Andrés García
270120001,Guacamaya
270120001,Trinidad Malpica Hernández
270120001,El Venadito
270120001,Celia González de Rovirosa
270120001,Melchor Ocampo 3ra. Sección
270120001,Santa Ana
270120001,Tierra Colorada (El Indio)
270120001,Belén Monte Largo 3ra. Sección (Tronchadero)
270120001,Ignacio Zaragoza (Los Ateos)
270120001,San Antonio
270120001,El Regocijo
270120001,Nueva Esperanza
270120001,San Francisco
270120001,Monte Largo 2da. Sección
270120001,San Juan de Ismate
270120001,Los Gurría
270120001,Vernet Sierra de Guadalupe
270120001,San Juan Bautista
270120001,Los Arbolitos
270120001,Los Güiros
270120001,Los Naranjos 2da. Sección
270120001,Huapacal
270120001,Vernet 1ra. Sección (Los Venados)
270120001,Limón 1ra. Sección Sector C
270120001,Limón 2da. Sección Sector B
270120001,Carmen Serdán
270120001,El Triunfo 3ra. Sección
270120001,Clemente Reyes 2da. Sección
270120001,Abasolo 1ra. Sección
270120001,Bajo Allende 1ra. Sección
270120001,San José
270120001,El Chinal
270120001,Aquiles Serdán
270120001,García
270120001,Linda Vista
270120001,Santa Lucía
270120001,Independencia
270120001,Abasolo 2da. Sección
270120001,Carlos Greene 2da. Sección
270120001,La Ceiba
270120001,Simón Sarlat 2da. Sección (San Martín)
270120001,Independencia Uno
270120001,Las Lomas de Caparroso
270120001,Narciso Mendoza (Chilapilla 1ra. Sección)
270120001,La Providencia
270120001,Pichalito
270120001,Diez de Abril
270120001,La Candelaria
270120001,Allende Alto 2da. Sección (Naranjal)
270130001,Nacajuca
270130001,Arroyo
270130001,Arroyo
270130001,Banderas (Guatacalca 2da. Sección)
270130001,El Cedro
270130001,Corriente 1ra. Sección
270130001,Corriente 2da. Sección
270130001,La Cruz de Nacajuca
270130001,Chicozapote
270130001,Guanosolo
270130001,El Guásimo
270130001,Guatacalca
270130001,Guaytalpa
270130001,Jiménez
270130001,Libertad
270130001,Lomitas
270130001,Mazateupa
270130001,Olcuatitán
270130001,Oxiacaque
270130001,El Pastal
270130001,San Simón
270130001,Saloya 1ra. Sección
270130001,Saloya 2da. Sección
270130001,Corralillo
270130001,Samarkanda
270130001,Sandial
270130001,San Isidro 1ra. Sección
270130001,Santa Rosa
270130001,Taxco
270130001,Tecoluta 1ra. Sección
270130001,El Tigre
270130001,Tucta
270130001,Vainilla
270130001,El Zapote
270130001,San Isidro 2da. Sección
270130001,Belén
270130001,Guatacalca
270130001,Isla Guadalupe
270130001,Chicozapote
270130001,La Cruz de Olcuatitán
270130001,San José Pajonal
270130001,Cantemoc 1ra. Sección
270130001,Cantemoc 2da. Sección
270130001,El Hormiguero
270130001,El Cometa
270130001,Tecoluta 2da. Sección
270130001,El Sitio
270130001,El Guanal
270130001,El Pantano
270130001,Bosque de Saloya
270130001,Tapotzingo
270130001,Huatacalca
270130001,El Chiflón
270130001,La Loma
270130001,Salvador Allende
270130001,Arena
270130001,La Selva
270130001,Manuel Buendía Téllez Girón
270130001,Ferlles Nuevo Campestre
270130001,Rivera Alta
270130001,Arroyo San Cipriano
270130001,Benito Juárez
270130001,Brisas del Carrizal
270130001,El Encanto
270130001,Aparceros
270130001,Amatón
270130001,La Pera
270130001,Libertad 2da. Sección
270130001,Pomoca
270130001,Juan Diego
270130001,Simón Bolívar
270130001,La Cruz del Sandial
270130001,San Marcos
270130001,Entre Ceibas
270130001,Palmira
270130001,Real Campestre
270140001,Paraíso
270140001,Aquiles Serdán
270140001,Aquiles Serdán
270140001,El Bellote (Miguel de la Madrid)
270140001,Puerto Ceiba (Carrizal)
270140001,Puerto Ceiba
270140001,Chiltepec (Puerto Chiltepec)
270140001,Las Flores 1ra. Sección
270140001,Las Flores 2da. Sección
270140001,Francisco I. Madero 2da. Sección
270140001,Barra de Tupilco
270140001,José María Morelos y Pavón (El Bellote)
270140001,Libertad 1ra. Sección (El Chivero)
270140001,Libertad 2da. Sección
270140001,Francisco I. Madero
270140001,Francisco I. Madero (Madero)
270140001,Moctezuma 1ra. Sección
270140001,Moctezuma 2da. Sección
270140001,Nicolás Bravo
270140001,Oriente 1ra. Sección
270140001,Oriente (San Cayetano)
270140001,Potreritos
270140001,Quintín Arauz
270140001,Nuevo Torno Largo
270140001,Guano Solo (El Coquito)
270140001,La Unión 3ra. Sección
270140001,El Escribano
270140001,Las Flores 3ra. Sección (El Cerro)
270140001,Moctezuma 3ra. Sección
270140001,Nicolás Bravo 2da. Sección (La Gloria)
270140001,Nicolás Bravo 3ra. Sección
270140001,Nicolás Bravo 4ta. Sección (Tilapa)
270140001,Nicolás Bravo 5ta. Sección (Punta Brava)
270140001,Monte Adentro
270140001,Moctezuma (Francisco I. Madero 3ra. Sección)
270140001,La Unión 1ra. Sección (Amatillo)
270140001,La Unión 2da. Sección
270140001,Andrés García (La Isla)
270140001,Chiltepec (Sección Banco)
270140001,Oriente 2da. Sección (Palma Huaca)
270140001,Occidente (San Francisco)
270140001,Chiltepec (Sección Pénjamo)
270140001,Oriente (Hormiguero)
270140001,Palestina
270140001,La Solución Somos Todos (La Alianza)
270140001,Hueso de Puerco (Colonia Quintín Aráuz)
270140001,Quintín Aráuz Uno
270140001,Chiltepec (Sección Tanque)
270150001,Tacotalpa
270150001,Agua Blanca
270150001,José María Morelos y Pavón
270150001,Arroyo Ciego 1ra. Sección
270150001,Yajalón Río Seco
270150001,Cuauhtémoc Barreal
270150001,Buena Vista 1ra. Sección
270150001,Buenos Aires
270150001,Caridad Guerrero
270150001,Ceiba 1ra. Sección (Estación Ferrocarril)
270150001,Ceibita 1ra. Sección
270150001,Ceibita 2da. Sección
270150001,Cerro Blanco 1ra. Sección
270150001,Cerro Blanco 2da. Sección
270150001,Cerro Blanco 3ra. Sección
270150001,Cerro Blanco 4ta. Sección
270150001,Cerro Blanco 5ta. Sección
270150001,Cuitláhuac
270150001,La Cumbre
270150001,Cuviac
270150001,La Raya 1ra. Sección (Dos Patrias)
270150001,Graciano Sánchez
270150001,Guayal
270150001,Libertad
270150001,El Limón
270150001,Lomas Alegres 1ra. Sección
270150001,Lomas Alegres 2da. Sección (Castañal)
270150001,Francisco I. Madero 1ra. Sección
270150001,Francisco I. Madero 2da. Sección
270150001,Lázaro Cárdenas (Madrigal 3ra. Sección)
270150001,Madrigal 4ta. Sección
270150001,Madrigal 5ta. Sección
270150001,Reforma (Madrigal 2da. Sección)
270150001,Arroyo Seco Miraflores
270150001,Noypac
270150001,Oxolotán
270150001,Palo Quemado
270150001,Pasamonos
270150001,Poaná
270150001,Pochitocal 1ra. Sección (Tila y Toronjo)
270150001,Pochitocal 2da. Sección
270150001,Pochitocal 3ra. Sección
270150001,Pochitocal 4ta. Sección (San Miguel Juárez)
270150001,Pomoca
270150001,Pomoquita
270150001,Puyacatengo 1ra. Sección (Ceiba)
270150001,Puyacatengo 2da. Sección (Ceiba)
270150001,Puxcatán
270150001,La Raya 1ra. Sección (Nava)
270150001,La Raya Zaragoza
270150001,San Manuel
270150001,Santa Rosa 1ra. Sección
270150001,Santa Rosa 2da. Sección (Estación Poaná)
270150001,Tapijulapa
270150001,Tomás Garrido Canabal
270150001,Xicoténcatl
270150001,Zunú y Patastal
270150001,Nueva Esperanza
270150001,Mexiquito
270150001,Benito Juárez
270150001,San Antonio Chichilte
270150001,La Gloria
270150001,San José del Porvenir
270150001,Ceiba 2da. Sección (San Luis)
270150001,Gran Poder
270150001,Lomas Alegres 3ra. Sección (San Antonio)
270150001,Morelia
270150001,Rancho Nuevo
270150001,San Lorenzo
270150001,Agua Escondida
270150001,Arroyo Chispa
270150001,La Pila
270150001,La Cuesta
270150001,Emiliano Zapata
270150001,División del Norte
270150001,Nueva Reforma
270150001,Pochitocal 1ra. Sección (La Palma)
270150001,La Raya 2da. Sección (Santa Cruz)
270150001,El Paraíso
270150001,Villa Luz
270150001,La Trinidad
270150001,San Ramón
270150001,Lomas Alegres 4ta. Sección (El Hular)
270150001,La Esperanza
270150001,Carlos A. Madrazo
270150001,Roberto Madrazo Pintado
270150001,Nuevo Madero
270150001,Shotal
270160001,Teapa
270160001,Andrés Quintana Roo
270160001,Andrés Quintana Roo 1ra. Sección
270160001,Andrés Quintana Roo 2da. Sección
270160001,Francisco Javier Mina (Argentina)
270160001,Hermenegildo Galeana 1ra. Sección (Mexiquito)
270160001,Hermenegildo Galeana 2da. Sección
270160001,Ignacio Allende 2da. Sección
270160001,Ignacio Allende 1ra. Sección
270160001,Ignacio Allende 3ra. Sección
270160001,Ignacio López Rayón 1ra. Sección
270160001,Ignacio López Rayón 2da. Sección
270160001,José María Morelos y Pavón 1ra. Sección
270160001,José María Morelos y Pavón 2da. Sección
270160001,Juan Aldama
270160001,Manuel Buelta 2da. Sección
270160001,Mariano Abasolo
270160001,Mina y Matamoros (La Trinidad)
270160001,Mariano Pedrero 1ra. Sección (La Providencia)
270160001,Mariano Pedrero 2da. Sección
270160001,Mariano Pedrero 3ra. Sección
270160001,Miguel Hidalgo 1ra. Sección (Las Gardenias)
270160001,Miguel Hidalgo 2da. Sección (Fco. Sarabia)
270160001,Nicolás Bravo 2da. Sección
270160001,Vicente Guerrero (Lerma)
270160001,Juan Aldama 2da. Sección
270160001,Hermenegildo Galeana
270160001,San José Puyacatengo (Chapingo)
270160001,Arcadio Zentella
270160001,José María Morelos y Pavón (Juan Gómez)
270160001,José María Morelos y Pavón (San Antonio las Ánimas)
270160001,José María Morelos y Pavón (Las Delicias)
270160001,Manuel Buelta y Rayón
270160001,Vicente Guerrero (Las Nieves)
270160001,Mina y Matamoros (San Pablo Tamborel)
270160001,Ignacio Allende (Santa Cruz)
270160001,José María Morelos y Pavón (Santa Rita)
270160001,Mariano Abasolo (Santo Tomás)
270160001,La Tejería
270160001,Eureka y Belén
270160001,Vicente Guerrero (Guanal)
270160001,Chapultepec
270160001,Piscifactoría José Narciso Rovirosa (Pesca)
270160001,Calcinado
270160001,Nicolás Bravo 1ra. Sección
270160001,Colorado (Benito Juárez)
270160001,Coconá
270160001,Las Lilias
270160001,Miguel Hidalgo 2da. Sección (Los Álamos)
270160001,Mariano Abasolo (Abasolito)
270160001,Centenario
270160001,Colonia Municipal
270160001,Miguel Hidalgo 2da. Sección (San Joaquín)
270160001,San Antonio
270160001,San José
270160001,Vicente Guerrero (San Lorenzo)
270160001,Santa Elena
270170001,Tenosique de Pino Suárez
270170001,Acatlipa
270170001,Adolfo López Mateos
270170001,Arena de Hidalgo
270170001,El Bejucal
270170001,Benito Juárez 1ra. Sección
270170001,Benito Juárez
270170001,Boca del Cerro
270170001,Canitzán
270170001,Centro Usumacinta
270170001,José María Pino Suárez 2da. Sección
270170001,Cortijo Nuevo 1ra. Sección
270170001,Corregidora Ortiz de Domínguez
270170001,Chaculjí
270170001,Emiliano Zapata 1ra. Sección
270170001,Emiliano Zapata 2da. Sección (El Carmen)
270170001,Esperanza Norte (El Veinte)
270170001,Estapilla
270170001,Estapilla 2da. Sección
270170001,El Faisán 1ra. Sección
270170001,El Faisán 2da. Sección
270170001,Francisco I. Madero Ríos
270170001,Francisco Villa
270170001,Guadalupe Victoria
270170001,Guayacán
270170001,Gregorio Méndez
270170001,Hermenegildo Galeana
270170001,Ignacio Zaragoza
270170001,Independencia
270170001,La Isla
270170001,José María Pino Suárez 1ra. Sección
270170001,El Manantial
270170001,Miguel Hidalgo
270170001,Tenosique 1ra. Sección (El Mool)
270170001,Niños Héroes
270170001,Nueva Esperanza
270170001,Nuevo México
270170001,La Palma
270170001,Veinte de Noviembre
270170001,El Palmar
270170001,El Pedregal
270170001,Pomoná 1ra. Sección
270170001,Pomoná 2da. Sección
270170001,Nuevo Progreso
270170001,Rancho Grande
270170001,El Recreo
270170001,Redención del Campesino
270170001,Reforma Agraria
270170001,El Roblar
270170001,San Isidro Guasiván
270170001,San Isidro las Pozas
270170001,Santa Cruz
270170001,Santa Elena
270170001,Santa Lucía
270170001,Santa Rosa
270170001,Santo Tomás
270170001,Sueños de Oro
270170001,Usumacinta
270170001,Veteranos de la Revolución
270170001,El Xotal 2da. Sección
270170001,Los Rieles de San José
270170001,San Marcos
270170001,Javier Rojo Gómez
270170001,Luis Echeverría Álvarez 1ra. Sección
270170001,Ignacio Allende
270170001,Álvaro Obregón
270170001,La Estancia
270170001,Francisco I. Madero Cortazar
270170001,El Repasto
270170001,San Francisco
270170001,Emiliano Zapata 3ra. Sección (Los Cedros)
270170001,Cortijo Nuevo 2da. Sección
270170001,Buenavista
270170001,Centenario del fallecimiento del Coronel Gregorio Méndez Magaña
270170001,El Carmen
270170001,El Cobá
270170001,Buenos Aires (Cucufato)
270170001,El Chivacal
270170001,El Choncoy
270170001,Chospac
270170001,La Engorda
270170001,La Florida
270170001,Gracias de Dios
270170001,El Guanal
270170001,Bella Vista
270170001,El Martillo
270170001,Paso de la Sabana
270170001,Pictum
270170001,Piedra Santa
270170001,Rancho Caído
270170001,San Francisco
270170001,El Pedregal
270170001,La Última Lucha
270170001,El Venado
270170001,Ignacio Zaragoza
270170001,San Carlos
270170001,Cerro Norte
270170001,Arena de Hidalgo
270170001,Plan de San Antonio
270170001,Chelena
270170001,Icorsa
270170001,Crisóforo Chiñas
270170001,El Barí
270170001,Dieciséis de Septiembre
270170001,San Juan
270170001,Diez de Mayo
270170001,San Juan
270170001,Eulogio Moreno
270170001,Peor es Nada
270170001,Santa Cruz
270170001,El Mercebel
270170001,Santa Cruz
270170001,Las Tenazas
270170001,Carlos Pellicer Cámara
270170001,Nueva Jerusalén
270170001,Reyes Morales
270170001,San Miguel (Zetechen)
270170001,Nuevo Mundo
270170001,San Claudio
270170001,San Juan de la Montaña
270170001,La Argentina
270170001,Tata Lázaro
270170001,Luis Echeverría Álvarez 2da. Sección
270170001,La Terminal
270170001,Lucio Blanco
270170001,El Faisán 3ra. Sección (Chiniquijá)
270170001,El Copo
270170001,Isla la Isla
270170001,La Esperanza
270170001,Cuatro Hermanos
270170001,Benito Juárez 2da. Sección
270170001,Torno Largo
270170001,Punta de Montaña
270170001,La Planada
270170001,Canitzán 2da. Sección
270170001,El Chorrito
270170001,El Porvenir
270170001,La Gloria
270170001,Nueva Esperanza (Santa Isabel)
270170001,El Pensamiento
270170001,Pollo Solo
270170001,El Xotal 1ra. Sección
270170001,Certeza
270170001,Nicolás Bravo
270170001,Tata Lázaro de los Olivos
270170001,San Pedro
270170001,La Vieja Guardia Agrarista
270170001,La Asunción
